#
# A fatal error has been detected by the Java Runtime Environment:
#
#  EXCEPTION_ACCESS_VIOLATION (0xc0000005) at pc=0x00007ff8acf32fad, pid=5464, tid=10372
#
# JRE version: OpenJDK Runtime Environment Temurin-21.0.12.1+1 (21.0.12.1+1) (build 21.0.12.1+1-LTS)
# Java VM: OpenJDK 64-Bit Server VM Temurin-21.0.12.1+1 (21.0.12.1+1-LTS, mixed mode, sharing, tiered, compressed oops, compressed class ptrs, g1 gc, windows-amd64)
# Problematic frame:
# V  [jvm.dll+0x332fad]
#
# No core dump will be written. Minidumps are not enabled by default on client versions of Windows
#
# If you would like to submit a bug report, please visit:
#   https://github.com/adoptium/adoptium-support/issues
#

---------------  S U M M A R Y ------------

Command Line: --add-opens=java.base/java.lang=ALL-UNNAMED --add-opens=java.base/java.lang.invoke=ALL-UNNAMED --add-opens=java.base/java.util=ALL-UNNAMED --add-opens=java.prefs/java.util.prefs=ALL-UNNAMED --add-exports=jdk.compiler/com.sun.tools.javac.api=ALL-UNNAMED --add-exports=jdk.compiler/com.sun.tools.javac.util=ALL-UNNAMED --add-opens=java.base/java.util=ALL-UNNAMED --add-opens=java.prefs/java.util.prefs=ALL-UNNAMED --add-opens=java.base/java.nio.charset=ALL-UNNAMED --add-opens=java.base/java.net=ALL-UNNAMED --add-opens=java.base/java.util.concurrent=ALL-UNNAMED --add-opens=java.base/java.util.concurrent.atomic=ALL-UNNAMED --add-opens=java.xml/javax.xml.namespace=ALL-UNNAMED --add-opens=java.base/java.time=ALL-UNNAMED -Xmx2048m -Dfile.encoding=UTF-8 -Duser.country=PE -Duser.language=es -Duser.variant -javaagent:C:\Users\celjo\.gradle\wrapper\dists\gradle-9.1.0-all\7wzd0jkjit61aq2p43wpjgij9\gradle-9.1.0\lib\agents\gradle-instrumentation-agent-9.1.0.jar org.gradle.launcher.daemon.bootstrap.GradleDaemon 9.1.0

Host: Intel(R) Core(TM) i5-8250U CPU @ 1.60GHz, 8 cores, 11G,  Windows 11 , 64 bit Build 26100 (10.0.26100.9168)
Time: Sun Oct  4 12:25:05 2026 Hora est. Pacífico, Sudamérica elapsed time: 526.116548 seconds (0d 0h 8m 46s)

---------------  T H R E A D  ---------------

Current thread (0x00000253e85fb650):  WorkerThread "GC Thread#5"    [id=10372, stack(0x0000008938f00000,0x0000008939000000) (1024K)]

Stack: [0x0000008938f00000,0x0000008939000000],  sp=0x0000008938fff3e8,  free space=1020k
Native frames: (J=compiled Java code, j=interpreted, Vv=VM code, C=native code)
V  [jvm.dll+0x332fad]


siginfo: EXCEPTION_ACCESS_VIOLATION (0xc0000005), reading address 0x0000000002000065


Registers:
RAX=0x0000000002000005, RBX=0x0000008938fff550, RCX=0x0000000004200008, RDX=0x00000089384fef10
RSP=0x0000008938fff3e8, RBP=0x0000000000000000, RSI=0x0000008938fff550, RDI=0x0000000000000800
R8 =0x0000000004200008, R9 =0x00000253c5902ae0, R10=0x0000420080883eb8, R11=0x0000000000000048
R12=0x00007ff8ad61f138, R13=0x0000000000000074, R14=0x00000253e884b560, R15=0x000000000000f800
RIP=0x00007ff8acf32fad, EFLAGS=0x0000000000010203

XMM[0]=0x0000008938fff800 0x0000008900000002
XMM[1]=0x00000253c3478f40 0x0000008900000000
XMM[2]=0x0000000000000000 0x0000000000000000
XMM[3]=0x0000000000000000 0x0000000000000000
XMM[4]=0x0000000000000000 0x0000000000000000
XMM[5]=0x0000000000000000 0x0000000000000000
XMM[6]=0x0000000000000000 0x0000000000000000
XMM[7]=0x0000000000000000 0x0000000000000000
XMM[8]=0x0000000000000000 0x0000000000000000
XMM[9]=0x0000000000000000 0x0000000000000000
XMM[10]=0x0000000000000000 0x0000000000000000
XMM[11]=0x0000000000000000 0x0000000000000000
XMM[12]=0x0000000000000000 0x0000000000000000
XMM[13]=0x0000000000000000 0x0000000000000000
XMM[14]=0x0000000000000000 0x0000000000000000
XMM[15]=0x0000000000000000 0x0000000000000000
  MXCSR=0x00001fa0


Register to memory mapping:

RAX=0x0000000002000005 is an unknown value
RBX=0x0000008938fff550 points into unknown readable memory: 0x00007ff8ad63d7d0 | d0 d7 63 ad f8 7f 00 00
RCX=0x0000000004200008 is an unknown value
RDX=0x00000089384fef10 points into unknown readable memory: 0x00007ff8ad632f48 | 48 2f 63 ad f8 7f 00 00
RSP=0x0000008938fff3e8 points into unknown readable memory: 0x00007ff8acf7ac60 | 60 ac f7 ac f8 7f 00 00
RBP=0x0 is null
RSI=0x0000008938fff550 points into unknown readable memory: 0x00007ff8ad63d7d0 | d0 d7 63 ad f8 7f 00 00
RDI=0x0000000000000800 is an unknown value
R8 =0x0000000004200008 is an unknown value
R9 =0x00000253c5902ae0 points into unknown readable memory: 0x00007ff8ad632fd8 | d8 2f 63 ad f8 7f 00 00
R10=0x0000420080883eb8 is an unknown value
R11=0x0000000000000048 is an unknown value
R12=0x00007ff8ad61f138 jvm.dll
R13=0x0000000000000074 is an unknown value
R14=0x00000253e884b560 points into unknown readable memory: 0x00000253e7ba5840 | 40 58 ba e7 53 02 00 00
R15=0x000000000000f800 is an unknown value

Top of Stack: (sp=0x0000008938fff3e8)
0x0000008938fff3e8:   00007ff8acf7ac60 0000000000000000   `...............
0x0000008938fff3f8:   0000000000000010 0000000000000000   ................
0x0000008938fff408:   0000000000000002 00007ff8ad63d7d0   ..........c.....
0x0000008938fff418:   00007ff8ad2ad25c 00000253d6ae2010   \.*...... ..S...
0x0000008938fff428:   0000000000000000 0000008938fff550   ........P..8....
0x0000008938fff438:   00000253d6ae2010 00000253d6ae2010   . ..S.... ..S...
0x0000008938fff448:   0000000000000000 00000253d6ae2330   ........0#..S...
0x0000008938fff458:   00000253d6ae25c8 00000253d6ae2010   .%..S.... ..S...
0x0000008938fff468:   00000253d6ae466a 00000253d6c30037   jF..S...7...S...
0x0000008938fff478:   0000008938fff470 00000253d6c30000   p..8........S...
0x0000008938fff488:   00000253d6ae25e0 00000253d6ae25e0   .%..S....%..S...
0x0000008938fff498:   00000253d6ae5960 00000253d6ae25e0   `Y..S....%..S...
0x0000008938fff4a8:   00000253d6ae5960 00000253d6ae5a68   `Y..S...hZ..S...
0x0000008938fff4b8:   00007ff8ad61f138 0000008938fff448   8.a.....H..8....
0x0000008938fff4c8:   0000000000000001 0000000000000000   ................
0x0000008938fff4d8:   0000000000000002 00009a5a80ef8720   ........ ...Z...
0x0000008938fff4e8:   00007ff8acd3a9a2 0000000000000000   ................
0x0000008938fff4f8:   0000000000000010 0000000000000000   ................
0x0000008938fff508:   0000000000000002 00000089384fed70   ........p.O8....
0x0000008938fff518:   00000253d6ae2010 0000008938fff7c0   . ..S......8....
0x0000008938fff528:   00007ff8acf7acd7 0000008938ff0000   ...........8....
0x0000008938fff538:   00000253d6276ade 00000253d6ae2010   .j'.S.... ..S...
0x0000008938fff548:   00007ff8ad2ab3c1 00007ff8ad63d7d0   ..*.......c.....
0x0000008938fff558:   00000089384fef10 00000253d6276b00   ..O8.....k'.S...
0x0000008938fff568:   00000253d6277418 0000000000000001   .t'.S...........
0x0000008938fff578:   00007ff8acf7ad25 00000253d6ae2010   %........ ..S...
0x0000008938fff588:   00007ff80000000c 0000000000000000   ................
0x0000008938fff598:   00007ff8acf7acd7 0000000000000006   ................
0x0000008938fff5a8:   00007ff8ad2ab505 0000008938fff630   ..*.....0..8....
0x0000008938fff5b8:   00000253f4332fc0 0000000000000000   ./3.S...........
0x0000008938fff5c8:   00000253e2627430 0000000000000005   0tb.S...........
0x0000008938fff5d8:   00007ff8ace9c4ac 00000253ed79e678   ........x.y.S...

Instructions: (pc=0x00007ff8acf32fad)
0x00007ff8acf32ead:   10 48 8b da 48 8b f9 48 3b 02 75 28 48 8b ca e8
0x00007ff8acf32ebd:   af 41 08 00 48 8b 4f 28 48 8b d3 48 81 c1 a0 00
0x00007ff8acf32ecd:   00 00 e8 8c e4 ff ff 32 c0 48 8b 5c 24 38 48 83
0x00007ff8acf32edd:   c4 20 5f c3 80 79 10 00 75 42 8b 42 3c c1 e8 02
0x00007ff8acf32eed:   48 89 74 24 30 a8 01 74 06 48 8b 71 20 eb 0c 48
0x00007ff8acf32efd:   8b cb e8 ac 37 08 00 48 8b 77 18 48 8b 4e 08 48
0x00007ff8acf32f0d:   85 c9 74 05 48 8b 01 ff 10 ff 46 10 48 8b 43 10
0x00007ff8acf32f1d:   48 2b 03 48 01 47 30 48 8b 74 24 30 48 8b 5c 24
0x00007ff8acf32f2d:   38 32 c0 48 83 c4 20 5f c3 cc cc cc cc cc cc cc
0x00007ff8acf32f3d:   cc cc cc 48 8b 42 10 48 2b 02 48 01 41 10 32 c0
0x00007ff8acf32f4d:   c3 cc cc 48 83 ec 28 48 8b 4a 30 e8 93 68 08 00
0x00007ff8acf32f5d:   32 c0 48 83 c4 28 c3 cc cc cc cc cc cc cc cc cc
0x00007ff8acf32f6d:   cc cc cc 4c 8b d2 48 8b d1 4d 85 d2 74 74 4c 8b
0x00007ff8acf32f7d:   49 08 4d 8b c2 41 8b 89 20 02 00 00 49 8b 81 18
0x00007ff8acf32f8d:   02 00 00 48 d3 e0 8b 0d d7 45 97 00 4c 2b c0 49
0x00007ff8acf32f9d:   8b 81 00 02 00 00 49 d3 e8 41 8b c8 48 8b 04 c8
0x00007ff8acf32fad:   48 8b 40 60 4c 3b d0 73 39 48 8b 42 08 48 8b 90
0x00007ff8acf32fbd:   18 05 00 00 4c 2b 52 18 8b 4a 28 48 8b 52 30 49
0x00007ff8acf32fcd:   c1 ea 03 49 d3 ea 41 0f b6 c2 4d 8b c2 24 3f 49
0x00007ff8acf32fdd:   c1 e8 06 0f b6 c8 4a 8b 04 c2 48 0f a3 c8 0f 92
0x00007ff8acf32fed:   c0 c3 b0 01 c3 cc cc cc cc cc cc cc cc cc cc cc
0x00007ff8acf32ffd:   cc cc cc 4c 8b 41 08 41 8b 88 20 02 00 00 49 8b
0x00007ff8acf3300d:   80 18 02 00 00 48 d3 e0 8b 0d 55 45 97 00 48 2b
0x00007ff8acf3301d:   d0 49 8b 80 00 02 00 00 48 d3 ea 8b ca 48 8b 0c
0x00007ff8acf3302d:   c8 8b 41 3c a8 0c 0f 95 c0 c3 cc cc cc cc cc cc
0x00007ff8acf3303d:   cc cc cc 48 8b 41 08 4c 8b c2 8b 88 b8 05 00 00
0x00007ff8acf3304d:   48 8b 80 a8 05 00 00 49 d3 e8 42 0f b7 0c 40 66
0x00007ff8acf3305d:   c1 e9 08 84 c9 78 0c 48 8b 02 24 03 3c 03 74 03
0x00007ff8acf3306d:   32 c0 c3 b0 01 c3 cc cc cc cc cc cc cc cc cc cc
0x00007ff8acf3307d:   cc cc cc 4c 8b 49 08 4c 8b c2 41 8b 89 b8 05 00
0x00007ff8acf3308d:   00 49 8b 81 a8 05 00 00 49 d3 e8 42 0f b7 0c 40
0x00007ff8acf3309d:   66 c1 e9 08 84 c9 79 35 41 8b 89 20 02 00 00 49


Stack slot to memory mapping:

stack at sp + 0 slots: 0x00007ff8acf7ac60 jvm.dll
stack at sp + 1 slots: 0x0 is null
stack at sp + 2 slots: 0x0000000000000010 is an unknown value
stack at sp + 3 slots: 0x0 is null
stack at sp + 4 slots: 0x0000000000000002 is an unknown value
stack at sp + 5 slots: 0x00007ff8ad63d7d0 jvm.dll
stack at sp + 6 slots: 0x00007ff8ad2ad25c jvm.dll
stack at sp + 7 slots: 0x00000253d6ae2010 is at entry_point+-1488 in (nmethod*)0x00000253d6ae2010
Compiled method (c2) 526210 22560       4       org.gradle.internal.vfs.impl.DefaultFileSystemAccess::snapshot (60 bytes)
 total in heap  [0x00000253d6ae2010,0x00000253d6ae8308] = 25336
 relocation     [0x00000253d6ae2170,0x00000253d6ae25c8] = 1112
 main code      [0x00000253d6ae25e0,0x00000253d6ae5960] = 13184
 stub code      [0x00000253d6ae5960,0x00000253d6ae5a68] = 264
 oops           [0x00000253d6ae5a68,0x00000253d6ae5b28] = 192
 metadata       [0x00000253d6ae5b28,0x00000253d6ae5f38] = 1040
 scopes data    [0x00000253d6ae5f38,0x00000253d6ae74f0] = 5560
 scopes pcs     [0x00000253d6ae74f0,0x00000253d6ae7db0] = 2240
 dependencies   [0x00000253d6ae7db0,0x00000253d6ae7e18] = 104
 handler table  [0x00000253d6ae7e18,0x00000253d6ae8220] = 1032
 nul chk table  [0x00000253d6ae8220,0x00000253d6ae8308] = 232


---------------  P R O C E S S  ---------------

Threads class SMR info:
_java_thread_list=0x00000253ebad7780, length=137, elements={
0x00000253c58f0210, 0x00000253e25acfc0, 0x00000253e25afb30, 0x00000253e25b5430,
0x00000253e25b8370, 0x00000253e25bb950, 0x00000253e25c30e0, 0x00000253e25c0080,
0x00000253e25d5f30, 0x00000253e2814500, 0x00000253e2813d40, 0x00000253e88337f0,
0x00000253e8838950, 0x00000253e89d5020, 0x00000253e8a0a3e0, 0x00000253e8a0aa70,
0x00000253e8a0b100, 0x00000253e7bb6ee0, 0x00000253e7bb54a0, 0x00000253e7bb6850,
0x00000253eba87d20, 0x00000253e8cc9020, 0x00000253e8ccb0f0, 0x00000253eddfb5c0,
0x00000253eddfaf30, 0x00000253ee8246d0, 0x00000253ee824040, 0x00000253eddff0d0,
0x00000253eddfa210, 0x00000253ee825a80, 0x00000253ee828870, 0x00000253ee8281e0,
0x00000253ee826110, 0x00000253ee827b50, 0x00000253ee829590, 0x00000253ee8267a0,
0x00000253ee829c20, 0x00000253ee82a2b0, 0x00000253ee826e30, 0x00000253f6623f20,
0x00000253ee82d0a0, 0x00000253ee82ddc0, 0x00000253ee82d730, 0x00000253ee82a940,
0x00000253ee82e450, 0x00000253ee82c380, 0x00000253ee82afd0, 0x00000253ee82eae0,
0x00000253ee82ca10, 0x00000253ee82b660, 0x00000253ee82f170, 0x00000253ee82bcf0,
0x00000253ee830520, 0x00000253ee831f60, 0x00000253ee831240, 0x00000253ee8318d0,
0x00000253ee830bb0, 0x00000253ee82f800, 0x00000253ee82fe90, 0x00000253f471a100,
0x00000253f47186c0, 0x00000253f471b4b0, 0x00000253f471a790, 0x00000253f4718030,
0x00000253f4718d50, 0x00000253f471c860, 0x00000253f471d580, 0x00000253f471c1d0,
0x00000253f4720a00, 0x00000253f471e930, 0x00000253f471e2a0, 0x00000253f471f650,
0x00000253f4721090, 0x00000253f471fce0, 0x00000253f4720370, 0x00000253f471dc10,
0x00000253f4722ad0, 0x00000253f4722440, 0x00000253f4721db0, 0x00000253f4723160,
0x00000253f47237f0, 0x00000253f4723e80, 0x00000253f4724510, 0x00000253f4724ba0,
0x00000253f4721720, 0x00000253f4725230, 0x00000253f47258c0, 0x00000253f4725f50,
0x00000253f47265e0, 0x00000253f4726c70, 0x00000253f4727300, 0x00000253eddfbc50,
0x00000253eddf94f0, 0x00000253eddff760, 0x00000253eddfc970, 0x00000253eddfe3b0,
0x00000253eddfd690, 0x00000253eddfd000, 0x00000253eddfc2e0, 0x00000253ede011a0,
0x00000253ede00480, 0x00000253ede00b10, 0x00000253eddfdd20, 0x00000253ede01ec0,
0x00000253eddfea40, 0x00000253ede04cb0, 0x00000253ede059d0, 0x00000253ede02550,
0x00000253ede06060, 0x00000253ede03f90, 0x00000253ede03270, 0x00000253ede06d80,
0x00000253ede03900, 0x00000253ede07aa0, 0x00000253eba84210, 0x00000253eba834f0,
0x00000253eba83b80, 0x00000253eba80d90, 0x00000253eba848a0, 0x00000253eba81420,
0x00000253eba84f30, 0x00000253eba81ab0, 0x00000253eba855c0, 0x00000253eba82140,
0x00000253eba827d0, 0x00000253eba862e0, 0x00000253eba85c50, 0x00000253eba86970,
0x00000253eba87000, 0x00000253eba87690, 0x00000253eba883b0, 0x00000253e8cc75e0,
0x00000253e8cc6230, 0x00000253e8cc68c0, 0x00000253e8cc6f50, 0x00000253e8cc7c70,
0x00000253f6624cc0
}

Java Threads: ( => current thread )
  0x00000253c58f0210 JavaThread "main"                              [_thread_blocked, id=8272, stack(0x0000008937d00000,0x0000008937e00000) (1024K)]
  0x00000253e25acfc0 JavaThread "Reference Handler"          daemon [_thread_blocked, id=11524, stack(0x0000008938500000,0x0000008938600000) (1024K)]
  0x00000253e25afb30 JavaThread "Finalizer"                  daemon [_thread_blocked, id=4444, stack(0x0000008938600000,0x0000008938700000) (1024K)]
  0x00000253e25b5430 JavaThread "Signal Dispatcher"          daemon [_thread_blocked, id=11092, stack(0x0000008938700000,0x0000008938800000) (1024K)]
  0x00000253e25b8370 JavaThread "Attach Listener"            daemon [_thread_blocked, id=2676, stack(0x0000008938800000,0x0000008938900000) (1024K)]
  0x00000253e25bb950 JavaThread "Service Thread"             daemon [_thread_blocked, id=2652, stack(0x0000008938900000,0x0000008938a00000) (1024K)]
  0x00000253e25c30e0 JavaThread "Monitor Deflation Thread"   daemon [_thread_blocked, id=5032, stack(0x0000008938a00000,0x0000008938b00000) (1024K)]
  0x00000253e25c0080 JavaThread "C2 CompilerThread0"         daemon [_thread_blocked, id=11848, stack(0x0000008938b00000,0x0000008938c00000) (1024K)]
  0x00000253e25d5f30 JavaThread "C1 CompilerThread0"         daemon [_thread_blocked, id=8788, stack(0x0000008938c00000,0x0000008938d00000) (1024K)]
  0x00000253e2814500 JavaThread "Common-Cleaner"             daemon [_thread_blocked, id=1472, stack(0x0000008938d00000,0x0000008938e00000) (1024K)]
  0x00000253e2813d40 JavaThread "Notification Thread"        daemon [_thread_blocked, id=11948, stack(0x0000008938e00000,0x0000008938f00000) (1024K)]
  0x00000253e88337f0 JavaThread "Daemon health stats"               [_thread_blocked, id=7164, stack(0x0000008939500000,0x0000008939600000) (1024K)]
  0x00000253e8838950 JavaThread "Incoming local TCP Connector on port 53994"        [_thread_in_native, id=9728, stack(0x0000008939600000,0x0000008939700000) (1024K)]
  0x00000253e89d5020 JavaThread "Daemon periodic checks"            [_thread_blocked, id=3884, stack(0x0000008939700000,0x0000008939800000) (1024K)]
  0x00000253e8a0a3e0 JavaThread "Cache worker for journal cache (C:\Users\celjo\.gradle\caches\journal-1)"        [_thread_blocked, id=9892, stack(0x0000008939000000,0x0000008939100000) (1024K)]
  0x00000253e8a0aa70 JavaThread "File lock request listener"        [_thread_in_native, id=4772, stack(0x0000008939f00000,0x000000893a000000) (1024K)]
  0x00000253e8a0b100 JavaThread "Cache worker for file hash cache (C:\Users\celjo\.gradle\caches\9.1.0\fileHashes)"        [_thread_blocked, id=6868, stack(0x000000893a000000,0x000000893a100000) (1024K)]
  0x00000253e7bb6ee0 JavaThread "File watcher server"        daemon [_thread_in_native, id=9764, stack(0x000000893a200000,0x000000893a300000) (1024K)]
  0x00000253e7bb54a0 JavaThread "File watcher consumer"      daemon [_thread_blocked, id=12108, stack(0x000000893a800000,0x000000893a900000) (1024K)]
  0x00000253e7bb6850 JavaThread "Cache worker for file content cache (C:\Users\celjo\.gradle\caches\9.1.0\fileContent)"        [_thread_blocked, id=7056, stack(0x000000893a900000,0x000000893aa00000) (1024K)]
  0x00000253eba87d20 JavaThread "Memory manager"                    [_thread_blocked, id=5176, stack(0x000000893aa00000,0x000000893ab00000) (1024K)]
  0x00000253e8cc9020 JavaThread "jar transforms"                    [_thread_blocked, id=7132, stack(0x000000893fd00000,0x000000893fe00000) (1024K)]
  0x00000253e8ccb0f0 JavaThread "jar transforms Thread 2"           [_thread_blocked, id=11656, stack(0x0000008940e00000,0x0000008940f00000) (1024K)]
  0x00000253eddfb5c0 JavaThread "jar transforms Thread 3"           [_thread_blocked, id=11252, stack(0x0000008940f00000,0x0000008941000000) (1024K)]
  0x00000253eddfaf30 JavaThread "jar transforms Thread 4"           [_thread_blocked, id=9560, stack(0x0000008941000000,0x0000008941100000) (1024K)]
  0x00000253ee8246d0 JavaThread "jar transforms Thread 5"           [_thread_blocked, id=9608, stack(0x0000008941100000,0x0000008941200000) (1024K)]
  0x00000253ee824040 JavaThread "jar transforms Thread 6"           [_thread_blocked, id=5664, stack(0x0000008940d00000,0x0000008940e00000) (1024K)]
  0x00000253eddff0d0 JavaThread "jar transforms Thread 7"           [_thread_blocked, id=5540, stack(0x0000008941200000,0x0000008941300000) (1024K)]
  0x00000253eddfa210 JavaThread "jar transforms Thread 8"           [_thread_blocked, id=5696, stack(0x000000893fc00000,0x000000893fd00000) (1024K)]
  0x00000253ee825a80 JavaThread "Daemon Thread 2"                   [_thread_blocked, id=10784, stack(0x0000008937a00000,0x0000008937b00000) (1024K)]
  0x00000253ee828870 JavaThread "Handler for socket connection from /127.0.0.1:53994 to /127.0.0.1:53158"        [_thread_in_native, id=10584, stack(0x0000008937b00000,0x0000008937c00000) (1024K)]
  0x00000253ee8281e0 JavaThread "Cancel handler"                    [_thread_blocked, id=4668, stack(0x0000008937c00000,0x0000008937d00000) (1024K)]
  0x00000253ee826110 JavaThread "Daemon worker Thread 2"            [_thread_blocked, id=10564, stack(0x0000008939800000,0x0000008939900000) (1024K)]
  0x00000253ee827b50 JavaThread "Asynchronous log dispatcher for DefaultDaemonConnection: socket connection from /127.0.0.1:53994 to /127.0.0.1:53158"        [_thread_blocked, id=2856, stack(0x0000008939900000,0x0000008939a00000) (1024K)]
  0x00000253ee829590 JavaThread "Stdin handler"                     [_thread_blocked, id=11372, stack(0x0000008939a00000,0x0000008939b00000) (1024K)]
  0x00000253ee8267a0 JavaThread "Daemon client event forwarder"        [_thread_blocked, id=5336, stack(0x0000008939b00000,0x0000008939c00000) (1024K)]
  0x00000253ee829c20 JavaThread "Cache worker for file hash cache (C:\proyectos\lol2\android\.gradle\9.1.0\fileHashes)"        [_thread_blocked, id=9008, stack(0x0000008939c00000,0x0000008939d00000) (1024K)]
  0x00000253ee82a2b0 JavaThread "Cache worker for Build Output Cleanup Cache (C:\proyectos\lol2\android\.gradle\buildOutputCleanup)"        [_thread_blocked, id=11100, stack(0x0000008939d00000,0x0000008939e00000) (1024K)]
  0x00000253ee826e30 JavaThread "Cache worker for checksums cache (C:\proyectos\lol2\android\.gradle\9.1.0\checksums)"        [_thread_blocked, id=1196, stack(0x0000008939e00000,0x0000008939f00000) (1024K)]
  0x00000253f6623f20 JavaThread "C2 CompilerThread1"         daemon [_thread_blocked, id=1204, stack(0x000000893a100000,0x000000893a200000) (1024K)]
  0x00000253ee82d0a0 JavaThread "Cache worker for cache directory md-supplier (C:\Users\celjo\.gradle\caches\9.1.0\md-supplier)"        [_thread_blocked, id=9400, stack(0x000000893a600000,0x000000893a700000) (1024K)]
  0x00000253ee82ddc0 JavaThread "Cache worker for cache directory md-rule (C:\Users\celjo\.gradle\caches\9.1.0\md-rule)"        [_thread_blocked, id=5144, stack(0x000000893a700000,0x000000893a800000) (1024K)]
  0x00000253ee82d730 JavaThread "Cache worker for Build Output Cleanup Cache (C:\src\flutter\packages\flutter_tools\gradle\.gradle\buildOutputCleanup)"        [_thread_blocked, id=9272, stack(0x000000893ab00000,0x000000893ac00000) (1024K)]
  0x00000253ee82a940 JavaThread "Unconstrained build operations"        [_thread_blocked, id=5152, stack(0x000000893ac00000,0x000000893ad00000) (1024K)]
  0x00000253ee82e450 JavaThread "Unconstrained build operations Thread 2"        [_thread_blocked, id=8808, stack(0x000000893ad00000,0x000000893ae00000) (1024K)]
  0x00000253ee82c380 JavaThread "Unconstrained build operations Thread 3"        [_thread_blocked, id=11764, stack(0x000000893ae00000,0x000000893af00000) (1024K)]
  0x00000253ee82afd0 JavaThread "Unconstrained build operations Thread 4"        [_thread_blocked, id=1952, stack(0x000000893af00000,0x000000893b000000) (1024K)]
  0x00000253ee82eae0 JavaThread "Unconstrained build operations Thread 5"        [_thread_blocked, id=2932, stack(0x000000893b000000,0x000000893b100000) (1024K)]
  0x00000253ee82ca10 JavaThread "Unconstrained build operations Thread 6"        [_thread_blocked, id=1720, stack(0x000000893b100000,0x000000893b200000) (1024K)]
  0x00000253ee82b660 JavaThread "Unconstrained build operations Thread 7"        [_thread_blocked, id=1860, stack(0x000000893b200000,0x000000893b300000) (1024K)]
  0x00000253ee82f170 JavaThread "Unconstrained build operations Thread 8"        [_thread_blocked, id=2008, stack(0x000000893b300000,0x000000893b400000) (1024K)]
  0x00000253ee82bcf0 JavaThread "Unconstrained build operations Thread 9"        [_thread_blocked, id=9552, stack(0x000000893b400000,0x000000893b500000) (1024K)]
  0x00000253ee830520 JavaThread "Unconstrained build operations Thread 10"        [_thread_blocked, id=3440, stack(0x000000893b500000,0x000000893b600000) (1024K)]
  0x00000253ee831f60 JavaThread "Unconstrained build operations Thread 11"        [_thread_blocked, id=6412, stack(0x000000893b600000,0x000000893b700000) (1024K)]
  0x00000253ee831240 JavaThread "Unconstrained build operations Thread 12"        [_thread_blocked, id=4656, stack(0x000000893b700000,0x000000893b800000) (1024K)]
  0x00000253ee8318d0 JavaThread "Unconstrained build operations Thread 13"        [_thread_blocked, id=11756, stack(0x000000893b800000,0x000000893b900000) (1024K)]
  0x00000253ee830bb0 JavaThread "Unconstrained build operations Thread 14"        [_thread_blocked, id=3736, stack(0x000000893b900000,0x000000893ba00000) (1024K)]
  0x00000253ee82f800 JavaThread "build event listener"              [_thread_blocked, id=3396, stack(0x000000893bb00000,0x000000893bc00000) (1024K)]
  0x00000253ee82fe90 JavaThread "included builds"                   [_thread_blocked, id=7100, stack(0x000000893bc00000,0x000000893bd00000) (1024K)]
  0x00000253f471a100 JavaThread "Execution worker"                  [_thread_blocked, id=8096, stack(0x000000893bd00000,0x000000893be00000) (1024K)]
  0x00000253f47186c0 JavaThread "Execution worker Thread 2"         [_thread_blocked, id=3668, stack(0x000000893be00000,0x000000893bf00000) (1024K)]
  0x00000253f471b4b0 JavaThread "Execution worker Thread 3"         [_thread_blocked, id=3168, stack(0x000000893bf00000,0x000000893c000000) (1024K)]
  0x00000253f471a790 JavaThread "Execution worker Thread 4"         [_thread_blocked, id=11976, stack(0x000000893c000000,0x000000893c100000) (1024K)]
  0x00000253f4718030 JavaThread "Execution worker Thread 5"         [_thread_blocked, id=4688, stack(0x000000893c100000,0x000000893c200000) (1024K)]
  0x00000253f4718d50 JavaThread "Execution worker Thread 6"         [_thread_blocked, id=11648, stack(0x000000893c200000,0x000000893c300000) (1024K)]
  0x00000253f471c860 JavaThread "Cache worker for execution history cache (C:\src\flutter\packages\flutter_tools\gradle\.gradle\9.1.0\executionHistory)"        [_thread_blocked, id=9136, stack(0x000000893c300000,0x000000893c400000) (1024K)]
  0x00000253f471d580 JavaThread "Execution worker Thread 7"         [_thread_blocked, id=10508, stack(0x000000893c400000,0x000000893c500000) (1024K)]
  0x00000253f471c1d0 JavaThread "Unconstrained build operations Thread 15"        [_thread_blocked, id=12120, stack(0x000000893c500000,0x000000893c600000) (1024K)]
  0x00000253f4720a00 JavaThread "Unconstrained build operations Thread 16"        [_thread_blocked, id=2476, stack(0x000000893c600000,0x000000893c700000) (1024K)]
  0x00000253f471e930 JavaThread "Unconstrained build operations Thread 17"        [_thread_blocked, id=4348, stack(0x000000893c700000,0x000000893c800000) (1024K)]
  0x00000253f471e2a0 JavaThread "Unconstrained build operations Thread 18"        [_thread_blocked, id=6240, stack(0x000000893c800000,0x000000893c900000) (1024K)]
  0x00000253f471f650 JavaThread "Unconstrained build operations Thread 19"        [_thread_blocked, id=2116, stack(0x000000893c900000,0x000000893ca00000) (1024K)]
  0x00000253f4721090 JavaThread "Unconstrained build operations Thread 20"        [_thread_blocked, id=7380, stack(0x000000893ca00000,0x000000893cb00000) (1024K)]
  0x00000253f471fce0 JavaThread "Unconstrained build operations Thread 21"        [_thread_blocked, id=4628, stack(0x000000893cb00000,0x000000893cc00000) (1024K)]
  0x00000253f4720370 JavaThread "Unconstrained build operations Thread 22"        [_thread_blocked, id=1320, stack(0x000000893cc00000,0x000000893cd00000) (1024K)]
  0x00000253f471dc10 JavaThread "Unconstrained build operations Thread 23"        [_thread_blocked, id=1712, stack(0x000000893cd00000,0x000000893ce00000) (1024K)]
  0x00000253f4722ad0 JavaThread "Unconstrained build operations Thread 24"        [_thread_blocked, id=4300, stack(0x000000893ce00000,0x000000893cf00000) (1024K)]
  0x00000253f4722440 JavaThread "Unconstrained build operations Thread 25"        [_thread_blocked, id=8408, stack(0x000000893cf00000,0x000000893d000000) (1024K)]
  0x00000253f4721db0 JavaThread "Unconstrained build operations Thread 26"        [_thread_blocked, id=5640, stack(0x000000893d000000,0x000000893d100000) (1024K)]
  0x00000253f4723160 JavaThread "Unconstrained build operations Thread 27"        [_thread_blocked, id=3112, stack(0x000000893d100000,0x000000893d200000) (1024K)]
  0x00000253f47237f0 JavaThread "Unconstrained build operations Thread 28"        [_thread_blocked, id=10768, stack(0x000000893d200000,0x000000893d300000) (1024K)]
  0x00000253f4723e80 JavaThread "Unconstrained build operations Thread 29"        [_thread_blocked, id=3176, stack(0x000000893d300000,0x000000893d400000) (1024K)]
  0x00000253f4724510 JavaThread "Unconstrained build operations Thread 30"        [_thread_blocked, id=6880, stack(0x000000893d400000,0x000000893d500000) (1024K)]
  0x00000253f4724ba0 JavaThread "Unconstrained build operations Thread 31"        [_thread_blocked, id=6376, stack(0x000000893d500000,0x000000893d600000) (1024K)]
  0x00000253f4721720 JavaThread "Unconstrained build operations Thread 32"        [_thread_blocked, id=5944, stack(0x000000893d600000,0x000000893d700000) (1024K)]
  0x00000253f4725230 JavaThread "Unconstrained build operations Thread 33"        [_thread_blocked, id=12260, stack(0x000000893d700000,0x000000893d800000) (1024K)]
  0x00000253f47258c0 JavaThread "Unconstrained build operations Thread 34"        [_thread_blocked, id=2232, stack(0x000000893d800000,0x000000893d900000) (1024K)]
  0x00000253f4725f50 JavaThread "Unconstrained build operations Thread 35"        [_thread_blocked, id=10744, stack(0x000000893d900000,0x000000893da00000) (1024K)]
  0x00000253f47265e0 JavaThread "Unconstrained build operations Thread 36"        [_thread_blocked, id=4172, stack(0x000000893da00000,0x000000893db00000) (1024K)]
  0x00000253f4726c70 JavaThread "Unconstrained build operations Thread 37"        [_thread_blocked, id=5612, stack(0x000000893db00000,0x000000893dc00000) (1024K)]
  0x00000253f4727300 JavaThread "Unconstrained build operations Thread 38"        [_thread_blocked, id=7192, stack(0x000000893dc00000,0x000000893dd00000) (1024K)]
  0x00000253eddfbc50 JavaThread "Unconstrained build operations Thread 39"        [_thread_blocked, id=6544, stack(0x000000893dd00000,0x000000893de00000) (1024K)]
  0x00000253eddf94f0 JavaThread "Unconstrained build operations Thread 40"        [_thread_blocked, id=10344, stack(0x000000893de00000,0x000000893df00000) (1024K)]
  0x00000253eddff760 JavaThread "Unconstrained build operations Thread 41"        [_thread_blocked, id=5596, stack(0x000000893df00000,0x000000893e000000) (1024K)]
  0x00000253eddfc970 JavaThread "Unconstrained build operations Thread 42"        [_thread_blocked, id=3592, stack(0x000000893e000000,0x000000893e100000) (1024K)]
  0x00000253eddfe3b0 JavaThread "Unconstrained build operations Thread 43"        [_thread_blocked, id=1500, stack(0x000000893e100000,0x000000893e200000) (1024K)]
  0x00000253eddfd690 JavaThread "Unconstrained build operations Thread 44"        [_thread_blocked, id=11632, stack(0x000000893e200000,0x000000893e300000) (1024K)]
  0x00000253eddfd000 JavaThread "Problems report writer"            [_thread_blocked, id=11908, stack(0x000000893e300000,0x000000893e400000) (1024K)]
  0x00000253eddfc2e0 JavaThread "build event listener"              [_thread_blocked, id=11968, stack(0x000000893e400000,0x000000893e500000) (1024K)]
  0x00000253ede011a0 JavaThread "build event listener"              [_thread_blocked, id=9040, stack(0x000000893e500000,0x000000893e600000) (1024K)]
  0x00000253ede00480 JavaThread "Unconstrained build operations Thread 45"        [_thread_blocked, id=3400, stack(0x000000893e600000,0x000000893e700000) (1024K)]
  0x00000253ede00b10 JavaThread "Unconstrained build operations Thread 46"        [_thread_blocked, id=8752, stack(0x000000893e700000,0x000000893e800000) (1024K)]
  0x00000253eddfdd20 JavaThread "Unconstrained build operations Thread 47"        [_thread_blocked, id=8600, stack(0x000000893e800000,0x000000893e900000) (1024K)]
  0x00000253ede01ec0 JavaThread "Unconstrained build operations Thread 48"        [_thread_blocked, id=4540, stack(0x000000893e900000,0x000000893ea00000) (1024K)]
  0x00000253eddfea40 JavaThread "Unconstrained build operations Thread 49"        [_thread_blocked, id=9836, stack(0x000000893ea00000,0x000000893eb00000) (1024K)]
  0x00000253ede04cb0 JavaThread "Unconstrained build operations Thread 50"        [_thread_blocked, id=6260, stack(0x000000893eb00000,0x000000893ec00000) (1024K)]
  0x00000253ede059d0 JavaThread "Unconstrained build operations Thread 51"        [_thread_blocked, id=9648, stack(0x000000893ec00000,0x000000893ed00000) (1024K)]
  0x00000253ede02550 JavaThread "Unconstrained build operations Thread 52"        [_thread_blocked, id=7492, stack(0x000000893ed00000,0x000000893ee00000) (1024K)]
  0x00000253ede06060 JavaThread "Unconstrained build operations Thread 53"        [_thread_blocked, id=10320, stack(0x000000893ee00000,0x000000893ef00000) (1024K)]
  0x00000253ede03f90 JavaThread "Unconstrained build operations Thread 54"        [_thread_blocked, id=9344, stack(0x000000893ef00000,0x000000893f000000) (1024K)]
  0x00000253ede03270 JavaThread "Unconstrained build operations Thread 55"        [_thread_blocked, id=11980, stack(0x000000893f000000,0x000000893f100000) (1024K)]
  0x00000253ede06d80 JavaThread "Unconstrained build operations Thread 56"        [_thread_blocked, id=2340, stack(0x000000893f100000,0x000000893f200000) (1024K)]
  0x00000253ede03900 JavaThread "Unconstrained build operations Thread 57"        [_thread_blocked, id=2244, stack(0x000000893f200000,0x000000893f300000) (1024K)]
  0x00000253ede07aa0 JavaThread "Unconstrained build operations Thread 58"        [_thread_blocked, id=9696, stack(0x000000893f300000,0x000000893f400000) (1024K)]
  0x00000253eba84210 JavaThread "Unconstrained build operations Thread 59"        [_thread_blocked, id=9396, stack(0x000000893f400000,0x000000893f500000) (1024K)]
  0x00000253eba834f0 JavaThread "Unconstrained build operations Thread 60"        [_thread_blocked, id=12160, stack(0x000000893f500000,0x000000893f600000) (1024K)]
  0x00000253eba83b80 JavaThread "Unconstrained build operations Thread 61"        [_thread_blocked, id=6640, stack(0x000000893f600000,0x000000893f700000) (1024K)]
  0x00000253eba80d90 JavaThread "Unconstrained build operations Thread 62"        [_thread_blocked, id=11952, stack(0x000000893f700000,0x000000893f800000) (1024K)]
  0x00000253eba848a0 JavaThread "Unconstrained build operations Thread 63"        [_thread_blocked, id=3108, stack(0x000000893f800000,0x000000893f900000) (1024K)]
  0x00000253eba81420 JavaThread "Unconstrained build operations Thread 64"        [_thread_blocked, id=5600, stack(0x000000893f900000,0x000000893fa00000) (1024K)]
  0x00000253eba84f30 JavaThread "Unconstrained build operations Thread 65"        [_thread_blocked, id=5976, stack(0x000000893fa00000,0x000000893fb00000) (1024K)]
  0x00000253eba81ab0 JavaThread "Unconstrained build operations Thread 66"        [_thread_blocked, id=12156, stack(0x000000893fb00000,0x000000893fc00000) (1024K)]
  0x00000253eba855c0 JavaThread "Unconstrained build operations Thread 67"        [_thread_blocked, id=9492, stack(0x000000893fe00000,0x000000893ff00000) (1024K)]
  0x00000253eba82140 JavaThread "Unconstrained build operations Thread 68"        [_thread_blocked, id=5688, stack(0x000000893ff00000,0x0000008940000000) (1024K)]
  0x00000253eba827d0 JavaThread "Unconstrained build operations Thread 69"        [_thread_blocked, id=11496, stack(0x0000008940000000,0x0000008940100000) (1024K)]
  0x00000253eba862e0 JavaThread "Unconstrained build operations Thread 70"        [_thread_blocked, id=884, stack(0x0000008940100000,0x0000008940200000) (1024K)]
  0x00000253eba85c50 JavaThread "Unconstrained build operations Thread 71"        [_thread_blocked, id=9336, stack(0x0000008940200000,0x0000008940300000) (1024K)]
  0x00000253eba86970 JavaThread "Unconstrained build operations Thread 72"        [_thread_blocked, id=11568, stack(0x0000008940300000,0x0000008940400000) (1024K)]
  0x00000253eba87000 JavaThread "Unconstrained build operations Thread 73"        [_thread_blocked, id=6484, stack(0x0000008940400000,0x0000008940500000) (1024K)]
  0x00000253eba87690 JavaThread "Unconstrained build operations Thread 74"        [_thread_blocked, id=7976, stack(0x0000008940500000,0x0000008940600000) (1024K)]
  0x00000253eba883b0 JavaThread "Unconstrained build operations Thread 75"        [_thread_blocked, id=5188, stack(0x0000008940600000,0x0000008940700000) (1024K)]
  0x00000253e8cc75e0 JavaThread "Unconstrained build operations Thread 76"        [_thread_blocked, id=3104, stack(0x0000008940700000,0x0000008940800000) (1024K)]
  0x00000253e8cc6230 JavaThread "Unconstrained build operations Thread 77"        [_thread_blocked, id=9592, stack(0x0000008940800000,0x0000008940900000) (1024K)]
  0x00000253e8cc68c0 JavaThread "Unconstrained build operations Thread 78"        [_thread_blocked, id=2576, stack(0x0000008940900000,0x0000008940a00000) (1024K)]
  0x00000253e8cc6f50 JavaThread "Unconstrained build operations Thread 79"        [_thread_blocked, id=3028, stack(0x0000008940a00000,0x0000008940b00000) (1024K)]
  0x00000253e8cc7c70 JavaThread "Unconstrained build operations Thread 80"        [_thread_blocked, id=12192, stack(0x0000008940b00000,0x0000008940c00000) (1024K)]
  0x00000253f6624cc0 JavaThread "C2 CompilerThread2"         daemon [_thread_blocked, id=1948, stack(0x000000893ba00000,0x000000893bb00000) (1024K)]
Total: 137

Other Threads:
  0x00000253e2591b80 VMThread "VM Thread"                           [id=11888, stack(0x0000008938400000,0x0000008938500000) (1024K)]
  0x00000253e257fb90 WatcherThread "VM Periodic Task Thread"        [id=12232, stack(0x0000008938300000,0x0000008938400000) (1024K)]
  0x00000253c594a7c0 WorkerThread "GC Thread#0"                     [id=3144, stack(0x0000008937e00000,0x0000008937f00000) (1024K)]
  0x00000253e72f9580 WorkerThread "GC Thread#1"                     [id=10840, stack(0x0000008939100000,0x0000008939200000) (1024K)]
  0x00000253e72f9930 WorkerThread "GC Thread#2"                     [id=11244, stack(0x0000008939200000,0x0000008939300000) (1024K)]
  0x00000253e7389250 WorkerThread "GC Thread#3"                     [id=7488, stack(0x0000008939300000,0x0000008939400000) (1024K)]
  0x00000253e7e17320 WorkerThread "GC Thread#4"                     [id=6596, stack(0x0000008939400000,0x0000008939500000) (1024K)]
=>0x00000253e85fb650 WorkerThread "GC Thread#5"                     [id=10372, stack(0x0000008938f00000,0x0000008939000000) (1024K)]
  0x00000253eae8b540 WorkerThread "GC Thread#6"                     [id=12276, stack(0x000000893a300000,0x000000893a400000) (1024K)]
  0x00000253eae8b190 WorkerThread "GC Thread#7"                     [id=3048, stack(0x000000893a400000,0x000000893a500000) (1024K)]
  0x00000253c595c5c0 ConcurrentGCThread "G1 Main Marker"            [id=4680, stack(0x0000008937f00000,0x0000008938000000) (1024K)]
  0x00000253c595d780 WorkerThread "G1 Conc#0"                       [id=12264, stack(0x0000008938000000,0x0000008938100000) (1024K)]
  0x00000253eae8b8f0 WorkerThread "G1 Conc#1"                       [id=7848, stack(0x000000893a500000,0x000000893a600000) (1024K)]
  0x00000253c59ae930 ConcurrentGCThread "G1 Refine#0"               [id=4928, stack(0x0000008938100000,0x0000008938200000) (1024K)]
  0x00000253e2451620 ConcurrentGCThread "G1 Service"                [id=4188, stack(0x0000008938200000,0x0000008938300000) (1024K)]
Total: 15

Threads with active compile tasks:
C2 CompilerThread0  526218 24176       4       org.gradle.api.internal.artifacts.configurations.DefaultConfiguration::<init> (682 bytes)
C2 CompilerThread1  526218 24059   !   4       org.gradle.api.internal.artifacts.ivyservice.resolveengine.graph.builder.NodeState::visitDependencies (187 bytes)
C2 CompilerThread2  526218 24161       4       org.gradle.internal.service.DefaultServiceRegistry::findProviderMethods (222 bytes)
Total: 3

VM state: at safepoint (normal execution)

VM Mutex/Monitor currently owned by a thread:  ([mutex/lock_event])
[0x00007ff8ad8bf5b0] Threads_lock - owner thread: 0x00000253e2591b80
[0x00007ff8ad8bf6b0] Heap_lock - owner thread: 0x00000253c595c5c0

Heap address: 0x0000000080000000, size: 2048 MB, Compressed Oops mode: 32-bit

CDS archive(s) mapped at: [0x0000025380000000-0x0000025380c80000-0x0000025380c80000), size 13107200, SharedBaseAddress: 0x0000025380000000, ArchiveRelocationMode: 1.
Compressed class space mapped at: 0x0000025381000000-0x00000253c1000000, reserved size: 1073741824
Narrow klass base: 0x0000025380000000, Narrow klass shift: 0, Narrow klass range: 0x100000000

GC Precious Log:
 CardTable entry size: 512
 Card Set container configuration: InlinePtr #cards 5 size 8 Array Of Cards #cards 12 size 40 Howl #buckets 4 coarsen threshold 1843 Howl Bitmap #cards 512 size 80 coarsen threshold 460 Card regions per heap region 1 cards per card region 2048
 CPUs: 8 total, 8 available
 Memory: 12163M
 Large Page Support: Disabled
 NUMA Support: Disabled
 Compressed Oops: Enabled (32-bit)
 Heap Region Size: 1M
 Heap Min Capacity: 8M
 Heap Initial Capacity: 192M
 Heap Max Capacity: 2G
 Pre-touch: Disabled
 Parallel Workers: 8
 Concurrent Workers: 2
 Concurrent Refinement Workers: 8
 Periodic GC: Disabled

Heap:
 garbage-first heap   total 672768K, used 493568K [0x0000000080000000, 0x0000000100000000)
  region size 1024K, 83 young (84992K), 28 survivors (28672K)
 Metaspace       used 128917K, committed 132096K, reserved 1179648K
  class space    used 18183K, committed 19712K, reserved 1048576K

Heap Regions: E=young(eden), S=young(survivor), O=old, HS=humongous(starts), HC=humongous(continues), CS=collection set, F=free, TAMS=top-at-mark-start, PB=parsable bottom
|   0|0x0000000080000000, 0x0000000080100000, 0x0000000080100000|100%|HS|  |TAMS 0x0000000080100000| PB 0x0000000080000000| Complete 
|   1|0x0000000080100000, 0x0000000080200000, 0x0000000080200000|100%|HC|  |TAMS 0x0000000080200000| PB 0x0000000080100000| Complete 
|   2|0x0000000080200000, 0x0000000080300000, 0x0000000080300000|100%|HC|  |TAMS 0x0000000080300000| PB 0x0000000080200000| Complete 
|   3|0x0000000080300000, 0x0000000080400000, 0x0000000080400000|100%| O|  |TAMS 0x0000000080400000| PB 0x0000000080300000| Untracked 
|   4|0x0000000080400000, 0x0000000080500000, 0x0000000080500000|100%| O|  |TAMS 0x0000000080500000| PB 0x0000000080400000| Untracked 
|   5|0x0000000080500000, 0x0000000080600000, 0x0000000080600000|100%| O|  |TAMS 0x0000000080600000| PB 0x0000000080500000| Untracked 
|   6|0x0000000080600000, 0x0000000080700000, 0x0000000080700000|100%|HS|  |TAMS 0x0000000080700000| PB 0x0000000080600000| Complete 
|   7|0x0000000080700000, 0x0000000080800000, 0x0000000080800000|100%| O|  |TAMS 0x0000000080800000| PB 0x0000000080700000| Untracked 
|   8|0x0000000080800000, 0x0000000080900000, 0x0000000080900000|100%| O|  |TAMS 0x0000000080900000| PB 0x0000000080800000| Untracked 
|   9|0x0000000080900000, 0x0000000080a00000, 0x0000000080a00000|100%| O|  |TAMS 0x0000000080a00000| PB 0x0000000080900000| Untracked 
|  10|0x0000000080a00000, 0x0000000080b00000, 0x0000000080b00000|100%| O|  |TAMS 0x0000000080b00000| PB 0x0000000080a00000| Untracked 
|  11|0x0000000080b00000, 0x0000000080c00000, 0x0000000080c00000|100%| O|  |TAMS 0x0000000080c00000| PB 0x0000000080b00000| Untracked 
|  12|0x0000000080c00000, 0x0000000080d00000, 0x0000000080d00000|100%| O|  |TAMS 0x0000000080d00000| PB 0x0000000080c00000| Untracked 
|  13|0x0000000080d00000, 0x0000000080e00000, 0x0000000080e00000|100%| O|  |TAMS 0x0000000080e00000| PB 0x0000000080d00000| Untracked 
|  14|0x0000000080e00000, 0x0000000080f00000, 0x0000000080f00000|100%| O|  |TAMS 0x0000000080f00000| PB 0x0000000080e00000| Untracked 
|  15|0x0000000080f00000, 0x0000000081000000, 0x0000000081000000|100%| O|  |TAMS 0x0000000081000000| PB 0x0000000080f00000| Untracked 
|  16|0x0000000081000000, 0x0000000081100000, 0x0000000081100000|100%| O|  |TAMS 0x0000000081100000| PB 0x0000000081000000| Untracked 
|  17|0x0000000081100000, 0x0000000081200000, 0x0000000081200000|100%| O|  |TAMS 0x0000000081200000| PB 0x0000000081100000| Untracked 
|  18|0x0000000081200000, 0x0000000081300000, 0x0000000081300000|100%| O|  |TAMS 0x0000000081300000| PB 0x0000000081200000| Untracked 
|  19|0x0000000081300000, 0x0000000081400000, 0x0000000081400000|100%| O|  |TAMS 0x0000000081400000| PB 0x0000000081300000| Untracked 
|  20|0x0000000081400000, 0x0000000081500000, 0x0000000081500000|100%| O|  |TAMS 0x0000000081500000| PB 0x0000000081400000| Untracked 
|  21|0x0000000081500000, 0x0000000081600000, 0x0000000081600000|100%| O|  |TAMS 0x0000000081600000| PB 0x0000000081500000| Untracked 
|  22|0x0000000081600000, 0x0000000081700000, 0x0000000081700000|100%| O|  |TAMS 0x0000000081700000| PB 0x0000000081600000| Untracked 
|  23|0x0000000081700000, 0x0000000081800000, 0x0000000081800000|100%| O|  |TAMS 0x0000000081800000| PB 0x0000000081700000| Untracked 
|  24|0x0000000081800000, 0x0000000081900000, 0x0000000081900000|100%| O|  |TAMS 0x0000000081900000| PB 0x0000000081800000| Untracked 
|  25|0x0000000081900000, 0x0000000081a00000, 0x0000000081a00000|100%| O|  |TAMS 0x0000000081a00000| PB 0x0000000081900000| Untracked 
|  26|0x0000000081a00000, 0x0000000081b00000, 0x0000000081b00000|100%| O|  |TAMS 0x0000000081b00000| PB 0x0000000081a00000| Untracked 
|  27|0x0000000081b00000, 0x0000000081c00000, 0x0000000081c00000|100%| O|  |TAMS 0x0000000081c00000| PB 0x0000000081b00000| Untracked 
|  28|0x0000000081c00000, 0x0000000081d00000, 0x0000000081d00000|100%| O|  |TAMS 0x0000000081d00000| PB 0x0000000081c00000| Untracked 
|  29|0x0000000081d00000, 0x0000000081e00000, 0x0000000081e00000|100%| O|  |TAMS 0x0000000081e00000| PB 0x0000000081d00000| Untracked 
|  30|0x0000000081e00000, 0x0000000081f00000, 0x0000000081f00000|100%| O|  |TAMS 0x0000000081f00000| PB 0x0000000081e00000| Untracked 
|  31|0x0000000081f00000, 0x0000000082000000, 0x0000000082000000|100%| O|  |TAMS 0x0000000082000000| PB 0x0000000081f00000| Untracked 
|  32|0x0000000082000000, 0x0000000082100000, 0x0000000082100000|100%| O|  |TAMS 0x0000000082100000| PB 0x0000000082000000| Untracked 
|  33|0x0000000082100000, 0x0000000082200000, 0x0000000082200000|100%| O|  |TAMS 0x0000000082200000| PB 0x0000000082100000| Untracked 
|  34|0x0000000082200000, 0x0000000082300000, 0x0000000082300000|100%| O|  |TAMS 0x0000000082300000| PB 0x0000000082200000| Untracked 
|  35|0x0000000082300000, 0x0000000082400000, 0x0000000082400000|100%| O|  |TAMS 0x0000000082400000| PB 0x0000000082300000| Untracked 
|  36|0x0000000082400000, 0x0000000082500000, 0x0000000082500000|100%| O|  |TAMS 0x0000000082500000| PB 0x0000000082400000| Untracked 
|  37|0x0000000082500000, 0x0000000082600000, 0x0000000082600000|100%| O|  |TAMS 0x0000000082600000| PB 0x0000000082500000| Untracked 
|  38|0x0000000082600000, 0x0000000082700000, 0x0000000082700000|100%| O|  |TAMS 0x0000000082700000| PB 0x0000000082600000| Untracked 
|  39|0x0000000082700000, 0x0000000082800000, 0x0000000082800000|100%|HS|  |TAMS 0x0000000082800000| PB 0x0000000082700000| Complete 
|  40|0x0000000082800000, 0x0000000082900000, 0x0000000082900000|100%|HC|  |TAMS 0x0000000082900000| PB 0x0000000082800000| Complete 
|  41|0x0000000082900000, 0x0000000082a00000, 0x0000000082a00000|100%| O|  |TAMS 0x0000000082a00000| PB 0x0000000082900000| Untracked 
|  42|0x0000000082a00000, 0x0000000082b00000, 0x0000000082b00000|100%| O|  |TAMS 0x0000000082b00000| PB 0x0000000082a00000| Untracked 
|  43|0x0000000082b00000, 0x0000000082c00000, 0x0000000082c00000|100%|HS|  |TAMS 0x0000000082c00000| PB 0x0000000082b00000| Complete 
|  44|0x0000000082c00000, 0x0000000082d00000, 0x0000000082d00000|100%|HC|  |TAMS 0x0000000082d00000| PB 0x0000000082c00000| Complete 
|  45|0x0000000082d00000, 0x0000000082e00000, 0x0000000082e00000|100%| O|  |TAMS 0x0000000082e00000| PB 0x0000000082d00000| Untracked 
|  46|0x0000000082e00000, 0x0000000082f00000, 0x0000000082f00000|100%| O|  |TAMS 0x0000000082f00000| PB 0x0000000082e00000| Untracked 
|  47|0x0000000082f00000, 0x0000000083000000, 0x0000000083000000|100%| O|  |TAMS 0x0000000083000000| PB 0x0000000082f00000| Untracked 
|  48|0x0000000083000000, 0x0000000083100000, 0x0000000083100000|100%| O|  |TAMS 0x0000000083100000| PB 0x0000000083000000| Untracked 
|  49|0x0000000083100000, 0x0000000083200000, 0x0000000083200000|100%| O|  |TAMS 0x0000000083200000| PB 0x0000000083100000| Untracked 
|  50|0x0000000083200000, 0x0000000083300000, 0x0000000083300000|100%| O|  |TAMS 0x0000000083300000| PB 0x0000000083200000| Untracked 
|  51|0x0000000083300000, 0x0000000083400000, 0x0000000083400000|100%| O|  |TAMS 0x0000000083400000| PB 0x0000000083300000| Untracked 
|  52|0x0000000083400000, 0x0000000083500000, 0x0000000083500000|100%| O|  |TAMS 0x0000000083500000| PB 0x0000000083400000| Untracked 
|  53|0x0000000083500000, 0x0000000083600000, 0x0000000083600000|100%| O|  |TAMS 0x0000000083600000| PB 0x0000000083500000| Untracked 
|  54|0x0000000083600000, 0x0000000083700000, 0x0000000083700000|100%| O|  |TAMS 0x0000000083700000| PB 0x0000000083600000| Untracked 
|  55|0x0000000083700000, 0x0000000083800000, 0x0000000083800000|100%| O|  |TAMS 0x0000000083800000| PB 0x0000000083700000| Untracked 
|  56|0x0000000083800000, 0x0000000083900000, 0x0000000083900000|100%| O|  |TAMS 0x0000000083900000| PB 0x0000000083800000| Untracked 
|  57|0x0000000083900000, 0x0000000083a00000, 0x0000000083a00000|100%| O|  |TAMS 0x0000000083a00000| PB 0x0000000083900000| Untracked 
|  58|0x0000000083a00000, 0x0000000083b00000, 0x0000000083b00000|100%| O|  |TAMS 0x0000000083b00000| PB 0x0000000083a00000| Untracked 
|  59|0x0000000083b00000, 0x0000000083c00000, 0x0000000083c00000|100%| O|  |TAMS 0x0000000083c00000| PB 0x0000000083b00000| Untracked 
|  60|0x0000000083c00000, 0x0000000083d00000, 0x0000000083d00000|100%| O|  |TAMS 0x0000000083d00000| PB 0x0000000083c00000| Untracked 
|  61|0x0000000083d00000, 0x0000000083e00000, 0x0000000083e00000|100%| O|  |TAMS 0x0000000083e00000| PB 0x0000000083d00000| Untracked 
|  62|0x0000000083e00000, 0x0000000083f00000, 0x0000000083f00000|100%| O|  |TAMS 0x0000000083f00000| PB 0x0000000083e00000| Untracked 
|  63|0x0000000083f00000, 0x0000000084000000, 0x0000000084000000|100%| O|  |TAMS 0x0000000084000000| PB 0x0000000083f00000| Untracked 
|  64|0x0000000084000000, 0x0000000084100000, 0x0000000084100000|100%| O|  |TAMS 0x0000000084100000| PB 0x0000000084000000| Untracked 
|  65|0x0000000084100000, 0x0000000084200000, 0x0000000084200000|100%| O|  |TAMS 0x0000000084200000| PB 0x0000000084100000| Untracked 
|  66|0x0000000084200000, 0x0000000084300000, 0x0000000084300000|100%|HS|  |TAMS 0x0000000084300000| PB 0x0000000084200000| Complete 
|  67|0x0000000084300000, 0x0000000084400000, 0x0000000084400000|100%|HS|  |TAMS 0x0000000084400000| PB 0x0000000084300000| Complete 
|  68|0x0000000084400000, 0x0000000084500000, 0x0000000084500000|100%|HS|  |TAMS 0x0000000084500000| PB 0x0000000084400000| Complete 
|  69|0x0000000084500000, 0x0000000084600000, 0x0000000084600000|100%|HC|  |TAMS 0x0000000084600000| PB 0x0000000084500000| Complete 
|  70|0x0000000084600000, 0x0000000084700000, 0x0000000084700000|100%|HS|  |TAMS 0x0000000084700000| PB 0x0000000084600000| Complete 
|  71|0x0000000084700000, 0x0000000084800000, 0x0000000084800000|100%|HS|  |TAMS 0x0000000084800000| PB 0x0000000084700000| Complete 
|  72|0x0000000084800000, 0x0000000084900000, 0x0000000084900000|100%| O|  |TAMS 0x0000000084900000| PB 0x0000000084800000| Untracked 
|  73|0x0000000084900000, 0x0000000084a00000, 0x0000000084a00000|100%|HS|  |TAMS 0x0000000084a00000| PB 0x0000000084900000| Complete 
|  74|0x0000000084a00000, 0x0000000084b00000, 0x0000000084b00000|100%|HS|  |TAMS 0x0000000084b00000| PB 0x0000000084a00000| Complete 
|  75|0x0000000084b00000, 0x0000000084c00000, 0x0000000084c00000|100%| O|  |TAMS 0x0000000084c00000| PB 0x0000000084b00000| Untracked 
|  76|0x0000000084c00000, 0x0000000084d00000, 0x0000000084d00000|100%| O|  |TAMS 0x0000000084d00000| PB 0x0000000084c00000| Untracked 
|  77|0x0000000084d00000, 0x0000000084e00000, 0x0000000084e00000|100%| O|  |TAMS 0x0000000084e00000| PB 0x0000000084d00000| Untracked 
|  78|0x0000000084e00000, 0x0000000084f00000, 0x0000000084f00000|100%| O|  |TAMS 0x0000000084f00000| PB 0x0000000084e00000| Untracked 
|  79|0x0000000084f00000, 0x0000000085000000, 0x0000000085000000|100%|HS|  |TAMS 0x0000000085000000| PB 0x0000000084f00000| Complete 
|  80|0x0000000085000000, 0x0000000085100000, 0x0000000085100000|100%|HC|  |TAMS 0x0000000085100000| PB 0x0000000085000000| Complete 
|  81|0x0000000085100000, 0x0000000085200000, 0x0000000085200000|100%|HS|  |TAMS 0x0000000085200000| PB 0x0000000085100000| Complete 
|  82|0x0000000085200000, 0x0000000085300000, 0x0000000085300000|100%| O|  |TAMS 0x0000000085300000| PB 0x0000000085200000| Untracked 
|  83|0x0000000085300000, 0x0000000085400000, 0x0000000085400000|100%| O|  |TAMS 0x0000000085400000| PB 0x0000000085300000| Untracked 
|  84|0x0000000085400000, 0x0000000085500000, 0x0000000085500000|100%| O|  |TAMS 0x0000000085500000| PB 0x0000000085400000| Untracked 
|  85|0x0000000085500000, 0x0000000085600000, 0x0000000085600000|100%| O|  |TAMS 0x0000000085600000| PB 0x0000000085500000| Untracked 
|  86|0x0000000085600000, 0x0000000085700000, 0x0000000085700000|100%| O|  |TAMS 0x0000000085700000| PB 0x0000000085600000| Untracked 
|  87|0x0000000085700000, 0x0000000085800000, 0x0000000085800000|100%| O|  |TAMS 0x0000000085800000| PB 0x0000000085700000| Untracked 
|  88|0x0000000085800000, 0x0000000085900000, 0x0000000085900000|100%| O|  |TAMS 0x0000000085900000| PB 0x0000000085800000| Untracked 
|  89|0x0000000085900000, 0x0000000085a00000, 0x0000000085a00000|100%| O|  |TAMS 0x0000000085a00000| PB 0x0000000085900000| Untracked 
|  90|0x0000000085a00000, 0x0000000085b00000, 0x0000000085b00000|100%| O|  |TAMS 0x0000000085b00000| PB 0x0000000085a00000| Untracked 
|  91|0x0000000085b00000, 0x0000000085c00000, 0x0000000085c00000|100%| O|  |TAMS 0x0000000085c00000| PB 0x0000000085b00000| Untracked 
|  92|0x0000000085c00000, 0x0000000085d00000, 0x0000000085d00000|100%| O|  |TAMS 0x0000000085d00000| PB 0x0000000085c00000| Untracked 
|  93|0x0000000085d00000, 0x0000000085e00000, 0x0000000085e00000|100%| O|  |TAMS 0x0000000085e00000| PB 0x0000000085d00000| Untracked 
|  94|0x0000000085e00000, 0x0000000085f00000, 0x0000000085f00000|100%| O|  |TAMS 0x0000000085f00000| PB 0x0000000085e00000| Untracked 
|  95|0x0000000085f00000, 0x0000000086000000, 0x0000000086000000|100%| O|  |TAMS 0x0000000086000000| PB 0x0000000085f00000| Untracked 
|  96|0x0000000086000000, 0x0000000086100000, 0x0000000086100000|100%| O|  |TAMS 0x0000000086100000| PB 0x0000000086000000| Untracked 
|  97|0x0000000086100000, 0x0000000086200000, 0x0000000086200000|100%| O|  |TAMS 0x0000000086200000| PB 0x0000000086100000| Untracked 
|  98|0x0000000086200000, 0x0000000086300000, 0x0000000086300000|100%|HS|  |TAMS 0x0000000086300000| PB 0x0000000086200000| Complete 
|  99|0x0000000086300000, 0x0000000086400000, 0x0000000086400000|100%| O|  |TAMS 0x0000000086400000| PB 0x0000000086300000| Untracked 
| 100|0x0000000086400000, 0x0000000086500000, 0x0000000086500000|100%| O|  |TAMS 0x0000000086500000| PB 0x0000000086400000| Untracked 
| 101|0x0000000086500000, 0x0000000086600000, 0x0000000086600000|100%| O|  |TAMS 0x0000000086600000| PB 0x0000000086500000| Untracked 
| 102|0x0000000086600000, 0x0000000086700000, 0x0000000086700000|100%| O|  |TAMS 0x0000000086700000| PB 0x0000000086600000| Untracked 
| 103|0x0000000086700000, 0x0000000086800000, 0x0000000086800000|100%| O|  |TAMS 0x0000000086800000| PB 0x0000000086700000| Untracked 
| 104|0x0000000086800000, 0x0000000086900000, 0x0000000086900000|100%| O|  |TAMS 0x0000000086900000| PB 0x0000000086800000| Untracked 
| 105|0x0000000086900000, 0x0000000086a00000, 0x0000000086a00000|100%| O|  |TAMS 0x0000000086a00000| PB 0x0000000086900000| Untracked 
| 106|0x0000000086a00000, 0x0000000086b00000, 0x0000000086b00000|100%| O|  |TAMS 0x0000000086b00000| PB 0x0000000086a00000| Untracked 
| 107|0x0000000086b00000, 0x0000000086c00000, 0x0000000086c00000|100%| O|  |TAMS 0x0000000086c00000| PB 0x0000000086b00000| Untracked 
| 108|0x0000000086c00000, 0x0000000086d00000, 0x0000000086d00000|100%| O|  |TAMS 0x0000000086d00000| PB 0x0000000086c00000| Untracked 
| 109|0x0000000086d00000, 0x0000000086e00000, 0x0000000086e00000|100%| O|  |TAMS 0x0000000086e00000| PB 0x0000000086d00000| Untracked 
| 110|0x0000000086e00000, 0x0000000086f00000, 0x0000000086f00000|100%| O|  |TAMS 0x0000000086f00000| PB 0x0000000086e00000| Untracked 
| 111|0x0000000086f00000, 0x0000000087000000, 0x0000000087000000|100%|HS|  |TAMS 0x0000000087000000| PB 0x0000000086f00000| Complete 
| 112|0x0000000087000000, 0x0000000087100000, 0x0000000087100000|100%|HS|  |TAMS 0x0000000087100000| PB 0x0000000087000000| Complete 
| 113|0x0000000087100000, 0x0000000087200000, 0x0000000087200000|100%|HS|  |TAMS 0x0000000087200000| PB 0x0000000087100000| Complete 
| 114|0x0000000087200000, 0x0000000087300000, 0x0000000087300000|100%| O|  |TAMS 0x0000000087300000| PB 0x0000000087200000| Untracked 
| 115|0x0000000087300000, 0x0000000087400000, 0x0000000087400000|100%|HS|  |TAMS 0x0000000087400000| PB 0x0000000087300000| Complete 
| 116|0x0000000087400000, 0x0000000087500000, 0x0000000087500000|100%| O|  |TAMS 0x0000000087500000| PB 0x0000000087400000| Untracked 
| 117|0x0000000087500000, 0x0000000087600000, 0x0000000087600000|100%| O|  |TAMS 0x0000000087600000| PB 0x0000000087500000| Untracked 
| 118|0x0000000087600000, 0x0000000087700000, 0x0000000087700000|100%| O|  |TAMS 0x0000000087700000| PB 0x0000000087600000| Untracked 
| 119|0x0000000087700000, 0x0000000087800000, 0x0000000087800000|100%| O|  |TAMS 0x0000000087800000| PB 0x0000000087700000| Untracked 
| 120|0x0000000087800000, 0x0000000087900000, 0x0000000087900000|100%| O|  |TAMS 0x0000000087900000| PB 0x0000000087800000| Untracked 
| 121|0x0000000087900000, 0x0000000087a00000, 0x0000000087a00000|100%| O|  |TAMS 0x0000000087a00000| PB 0x0000000087900000| Untracked 
| 122|0x0000000087a00000, 0x0000000087b00000, 0x0000000087b00000|100%|HS|  |TAMS 0x0000000087b00000| PB 0x0000000087a00000| Complete 
| 123|0x0000000087b00000, 0x0000000087c00000, 0x0000000087c00000|100%| O|  |TAMS 0x0000000087c00000| PB 0x0000000087b00000| Untracked 
| 124|0x0000000087c00000, 0x0000000087d00000, 0x0000000087d00000|100%| O|  |TAMS 0x0000000087d00000| PB 0x0000000087c00000| Untracked 
| 125|0x0000000087d00000, 0x0000000087e00000, 0x0000000087e00000|100%|HS|  |TAMS 0x0000000087e00000| PB 0x0000000087d00000| Complete 
| 126|0x0000000087e00000, 0x0000000087f00000, 0x0000000087f00000|100%| O|  |TAMS 0x0000000087f00000| PB 0x0000000087e00000| Untracked 
| 127|0x0000000087f00000, 0x0000000088000000, 0x0000000088000000|100%| O|  |TAMS 0x0000000088000000| PB 0x0000000087f00000| Untracked 
| 128|0x0000000088000000, 0x0000000088100000, 0x0000000088100000|100%| O|  |TAMS 0x0000000088100000| PB 0x0000000088000000| Untracked 
| 129|0x0000000088100000, 0x0000000088200000, 0x0000000088200000|100%| O|  |TAMS 0x0000000088200000| PB 0x0000000088100000| Untracked 
| 130|0x0000000088200000, 0x0000000088300000, 0x0000000088300000|100%| O|  |TAMS 0x0000000088300000| PB 0x0000000088200000| Untracked 
| 131|0x0000000088300000, 0x0000000088400000, 0x0000000088400000|100%| O|  |TAMS 0x0000000088400000| PB 0x0000000088300000| Untracked 
| 132|0x0000000088400000, 0x0000000088500000, 0x0000000088500000|100%|HS|  |TAMS 0x0000000088500000| PB 0x0000000088400000| Complete 
| 133|0x0000000088500000, 0x0000000088600000, 0x0000000088600000|100%| O|  |TAMS 0x0000000088600000| PB 0x0000000088500000| Untracked 
| 134|0x0000000088600000, 0x0000000088700000, 0x0000000088700000|100%|HS|  |TAMS 0x0000000088700000| PB 0x0000000088600000| Complete 
| 135|0x0000000088700000, 0x0000000088800000, 0x0000000088800000|100%|HS|  |TAMS 0x0000000088800000| PB 0x0000000088700000| Complete 
| 136|0x0000000088800000, 0x0000000088900000, 0x0000000088900000|100%|HS|  |TAMS 0x0000000088900000| PB 0x0000000088800000| Complete 
| 137|0x0000000088900000, 0x0000000088a00000, 0x0000000088a00000|100%|HC|  |TAMS 0x0000000088a00000| PB 0x0000000088900000| Complete 
| 138|0x0000000088a00000, 0x0000000088b00000, 0x0000000088b00000|100%|HS|  |TAMS 0x0000000088b00000| PB 0x0000000088a00000| Complete 
| 139|0x0000000088b00000, 0x0000000088c00000, 0x0000000088c00000|100%| O|  |TAMS 0x0000000088c00000| PB 0x0000000088b00000| Untracked 
| 140|0x0000000088c00000, 0x0000000088d00000, 0x0000000088d00000|100%| O|  |TAMS 0x0000000088d00000| PB 0x0000000088c00000| Untracked 
| 141|0x0000000088d00000, 0x0000000088e00000, 0x0000000088e00000|100%| O|  |TAMS 0x0000000088e00000| PB 0x0000000088d00000| Untracked 
| 142|0x0000000088e00000, 0x0000000088f00000, 0x0000000088f00000|100%| O|  |TAMS 0x0000000088f00000| PB 0x0000000088e00000| Untracked 
| 143|0x0000000088f00000, 0x0000000089000000, 0x0000000089000000|100%| O|  |TAMS 0x0000000089000000| PB 0x0000000088f00000| Untracked 
| 144|0x0000000089000000, 0x0000000089100000, 0x0000000089100000|100%| O|  |TAMS 0x0000000089100000| PB 0x0000000089000000| Untracked 
| 145|0x0000000089100000, 0x0000000089200000, 0x0000000089200000|100%| O|  |TAMS 0x0000000089200000| PB 0x0000000089100000| Untracked 
| 146|0x0000000089200000, 0x0000000089300000, 0x0000000089300000|100%| O|  |TAMS 0x0000000089300000| PB 0x0000000089200000| Untracked 
| 147|0x0000000089300000, 0x0000000089400000, 0x0000000089400000|100%| O|  |TAMS 0x0000000089400000| PB 0x0000000089300000| Untracked 
| 148|0x0000000089400000, 0x0000000089500000, 0x0000000089500000|100%| O|  |TAMS 0x0000000089500000| PB 0x0000000089400000| Untracked 
| 149|0x0000000089500000, 0x0000000089600000, 0x0000000089600000|100%| O|  |TAMS 0x0000000089600000| PB 0x0000000089500000| Untracked 
| 150|0x0000000089600000, 0x0000000089700000, 0x0000000089700000|100%|HS|  |TAMS 0x0000000089700000| PB 0x0000000089600000| Complete 
| 151|0x0000000089700000, 0x0000000089800000, 0x0000000089800000|100%|HC|  |TAMS 0x0000000089800000| PB 0x0000000089700000| Complete 
| 152|0x0000000089800000, 0x0000000089900000, 0x0000000089900000|100%|HS|  |TAMS 0x0000000089900000| PB 0x0000000089800000| Complete 
| 153|0x0000000089900000, 0x0000000089a00000, 0x0000000089a00000|100%|HC|  |TAMS 0x0000000089a00000| PB 0x0000000089900000| Complete 
| 154|0x0000000089a00000, 0x0000000089b00000, 0x0000000089b00000|100%|HC|  |TAMS 0x0000000089b00000| PB 0x0000000089a00000| Complete 
| 155|0x0000000089b00000, 0x0000000089c00000, 0x0000000089c00000|100%|HC|  |TAMS 0x0000000089c00000| PB 0x0000000089b00000| Complete 
| 156|0x0000000089c00000, 0x0000000089d00000, 0x0000000089d00000|100%|HS|  |TAMS 0x0000000089d00000| PB 0x0000000089c00000| Complete 
| 157|0x0000000089d00000, 0x0000000089e00000, 0x0000000089e00000|100%| O|  |TAMS 0x0000000089e00000| PB 0x0000000089d00000| Untracked 
| 158|0x0000000089e00000, 0x0000000089f00000, 0x0000000089f00000|100%| O|  |TAMS 0x0000000089f00000| PB 0x0000000089e00000| Untracked 
| 159|0x0000000089f00000, 0x000000008a000000, 0x000000008a000000|100%| O|  |TAMS 0x000000008a000000| PB 0x0000000089f00000| Untracked 
| 160|0x000000008a000000, 0x000000008a100000, 0x000000008a100000|100%| O|  |TAMS 0x000000008a100000| PB 0x000000008a000000| Untracked 
| 161|0x000000008a100000, 0x000000008a200000, 0x000000008a200000|100%| O|  |TAMS 0x000000008a200000| PB 0x000000008a100000| Untracked 
| 162|0x000000008a200000, 0x000000008a300000, 0x000000008a300000|100%| O|  |TAMS 0x000000008a300000| PB 0x000000008a200000| Untracked 
| 163|0x000000008a300000, 0x000000008a400000, 0x000000008a400000|100%| O|  |TAMS 0x000000008a400000| PB 0x000000008a300000| Untracked 
| 164|0x000000008a400000, 0x000000008a500000, 0x000000008a500000|100%| O|  |TAMS 0x000000008a500000| PB 0x000000008a400000| Untracked 
| 165|0x000000008a500000, 0x000000008a600000, 0x000000008a600000|100%| O|  |TAMS 0x000000008a600000| PB 0x000000008a500000| Untracked 
| 166|0x000000008a600000, 0x000000008a700000, 0x000000008a700000|100%| O|  |TAMS 0x000000008a700000| PB 0x000000008a600000| Untracked 
| 167|0x000000008a700000, 0x000000008a800000, 0x000000008a800000|100%| O|  |TAMS 0x000000008a800000| PB 0x000000008a700000| Untracked 
| 168|0x000000008a800000, 0x000000008a900000, 0x000000008a900000|100%| O|  |TAMS 0x000000008a900000| PB 0x000000008a800000| Untracked 
| 169|0x000000008a900000, 0x000000008aa00000, 0x000000008aa00000|100%| O|  |TAMS 0x000000008aa00000| PB 0x000000008a900000| Untracked 
| 170|0x000000008aa00000, 0x000000008ab00000, 0x000000008ab00000|100%|HS|  |TAMS 0x000000008ab00000| PB 0x000000008aa00000| Complete 
| 171|0x000000008ab00000, 0x000000008ac00000, 0x000000008ac00000|100%|HC|  |TAMS 0x000000008ac00000| PB 0x000000008ab00000| Complete 
| 172|0x000000008ac00000, 0x000000008ad00000, 0x000000008ad00000|100%|HC|  |TAMS 0x000000008ad00000| PB 0x000000008ac00000| Complete 
| 173|0x000000008ad00000, 0x000000008ae00000, 0x000000008ae00000|100%| O|  |TAMS 0x000000008ae00000| PB 0x000000008ad00000| Untracked 
| 174|0x000000008ae00000, 0x000000008af00000, 0x000000008af00000|100%| O|  |TAMS 0x000000008af00000| PB 0x000000008ae00000| Untracked 
| 175|0x000000008af00000, 0x000000008b000000, 0x000000008b000000|100%| O|  |TAMS 0x000000008b000000| PB 0x000000008af00000| Untracked 
| 176|0x000000008b000000, 0x000000008b100000, 0x000000008b100000|100%| O|  |TAMS 0x000000008b100000| PB 0x000000008b000000| Untracked 
| 177|0x000000008b100000, 0x000000008b200000, 0x000000008b200000|100%| O|  |TAMS 0x000000008b200000| PB 0x000000008b100000| Untracked 
| 178|0x000000008b200000, 0x000000008b300000, 0x000000008b300000|100%| O|  |TAMS 0x000000008b300000| PB 0x000000008b200000| Untracked 
| 179|0x000000008b300000, 0x000000008b400000, 0x000000008b400000|100%| O|  |TAMS 0x000000008b400000| PB 0x000000008b300000| Untracked 
| 180|0x000000008b400000, 0x000000008b500000, 0x000000008b500000|100%| O|  |TAMS 0x000000008b500000| PB 0x000000008b400000| Untracked 
| 181|0x000000008b500000, 0x000000008b600000, 0x000000008b600000|100%| O|  |TAMS 0x000000008b600000| PB 0x000000008b500000| Untracked 
| 182|0x000000008b600000, 0x000000008b700000, 0x000000008b700000|100%| O|  |TAMS 0x000000008b700000| PB 0x000000008b600000| Untracked 
| 183|0x000000008b700000, 0x000000008b800000, 0x000000008b800000|100%| O|  |TAMS 0x000000008b800000| PB 0x000000008b700000| Untracked 
| 184|0x000000008b800000, 0x000000008b900000, 0x000000008b900000|100%| O|  |TAMS 0x000000008b900000| PB 0x000000008b800000| Untracked 
| 185|0x000000008b900000, 0x000000008ba00000, 0x000000008ba00000|100%| O|  |TAMS 0x000000008ba00000| PB 0x000000008b900000| Untracked 
| 186|0x000000008ba00000, 0x000000008bb00000, 0x000000008bb00000|100%| O|  |TAMS 0x000000008bb00000| PB 0x000000008ba00000| Untracked 
| 187|0x000000008bb00000, 0x000000008bc00000, 0x000000008bc00000|100%| O|  |TAMS 0x000000008bc00000| PB 0x000000008bb00000| Untracked 
| 188|0x000000008bc00000, 0x000000008bd00000, 0x000000008bd00000|100%| O|  |TAMS 0x000000008bd00000| PB 0x000000008bc00000| Untracked 
| 189|0x000000008bd00000, 0x000000008be00000, 0x000000008be00000|100%| O|  |TAMS 0x000000008be00000| PB 0x000000008bd00000| Untracked 
| 190|0x000000008be00000, 0x000000008bf00000, 0x000000008bf00000|100%| O|  |TAMS 0x000000008bf00000| PB 0x000000008be00000| Untracked 
| 191|0x000000008bf00000, 0x000000008c000000, 0x000000008c000000|100%| O|  |TAMS 0x000000008c000000| PB 0x000000008bf00000| Untracked 
| 192|0x000000008c000000, 0x000000008c100000, 0x000000008c100000|100%| O|  |TAMS 0x000000008c100000| PB 0x000000008c000000| Untracked 
| 193|0x000000008c100000, 0x000000008c200000, 0x000000008c200000|100%|HS|  |TAMS 0x000000008c200000| PB 0x000000008c100000| Complete 
| 194|0x000000008c200000, 0x000000008c300000, 0x000000008c300000|100%|HC|  |TAMS 0x000000008c300000| PB 0x000000008c200000| Complete 
| 195|0x000000008c300000, 0x000000008c400000, 0x000000008c400000|100%|HC|  |TAMS 0x000000008c400000| PB 0x000000008c300000| Complete 
| 196|0x000000008c400000, 0x000000008c500000, 0x000000008c500000|100%|HC|  |TAMS 0x000000008c500000| PB 0x000000008c400000| Complete 
| 197|0x000000008c500000, 0x000000008c600000, 0x000000008c600000|100%|HS|  |TAMS 0x000000008c600000| PB 0x000000008c500000| Complete 
| 198|0x000000008c600000, 0x000000008c700000, 0x000000008c700000|100%|HC|  |TAMS 0x000000008c700000| PB 0x000000008c600000| Complete 
| 199|0x000000008c700000, 0x000000008c800000, 0x000000008c800000|100%| O|  |TAMS 0x000000008c800000| PB 0x000000008c700000| Untracked 
| 200|0x000000008c800000, 0x000000008c900000, 0x000000008c900000|100%| O|  |TAMS 0x000000008c900000| PB 0x000000008c800000| Untracked 
| 201|0x000000008c900000, 0x000000008ca00000, 0x000000008ca00000|100%| O|  |TAMS 0x000000008ca00000| PB 0x000000008c900000| Untracked 
| 202|0x000000008ca00000, 0x000000008cb00000, 0x000000008cb00000|100%| O|  |TAMS 0x000000008cb00000| PB 0x000000008ca00000| Untracked 
| 203|0x000000008cb00000, 0x000000008cc00000, 0x000000008cc00000|100%| O|  |TAMS 0x000000008cc00000| PB 0x000000008cb00000| Untracked 
| 204|0x000000008cc00000, 0x000000008cd00000, 0x000000008cd00000|100%| O|  |TAMS 0x000000008cd00000| PB 0x000000008cc00000| Untracked 
| 205|0x000000008cd00000, 0x000000008ce00000, 0x000000008ce00000|100%| O|  |TAMS 0x000000008ce00000| PB 0x000000008cd00000| Untracked 
| 206|0x000000008ce00000, 0x000000008cf00000, 0x000000008cf00000|100%| O|  |TAMS 0x000000008cf00000| PB 0x000000008ce00000| Untracked 
| 207|0x000000008cf00000, 0x000000008d000000, 0x000000008d000000|100%| O|  |TAMS 0x000000008d000000| PB 0x000000008cf00000| Untracked 
| 208|0x000000008d000000, 0x000000008d100000, 0x000000008d100000|100%| O|  |TAMS 0x000000008d100000| PB 0x000000008d000000| Untracked 
| 209|0x000000008d100000, 0x000000008d200000, 0x000000008d200000|100%| O|  |TAMS 0x000000008d200000| PB 0x000000008d100000| Untracked 
| 210|0x000000008d200000, 0x000000008d300000, 0x000000008d300000|100%| O|  |TAMS 0x000000008d300000| PB 0x000000008d200000| Untracked 
| 211|0x000000008d300000, 0x000000008d400000, 0x000000008d400000|100%| O|  |TAMS 0x000000008d400000| PB 0x000000008d300000| Untracked 
| 212|0x000000008d400000, 0x000000008d500000, 0x000000008d500000|100%| O|  |TAMS 0x000000008d500000| PB 0x000000008d400000| Untracked 
| 213|0x000000008d500000, 0x000000008d600000, 0x000000008d600000|100%|HS|  |TAMS 0x000000008d600000| PB 0x000000008d500000| Complete 
| 214|0x000000008d600000, 0x000000008d700000, 0x000000008d700000|100%|HS|  |TAMS 0x000000008d700000| PB 0x000000008d600000| Complete 
| 215|0x000000008d700000, 0x000000008d800000, 0x000000008d800000|100%| O|  |TAMS 0x000000008d800000| PB 0x000000008d700000| Untracked 
| 216|0x000000008d800000, 0x000000008d900000, 0x000000008d900000|100%| O|  |TAMS 0x000000008d900000| PB 0x000000008d800000| Untracked 
| 217|0x000000008d900000, 0x000000008da00000, 0x000000008da00000|100%| O|  |TAMS 0x000000008da00000| PB 0x000000008d900000| Untracked 
| 218|0x000000008da00000, 0x000000008db00000, 0x000000008db00000|100%| O|  |TAMS 0x000000008db00000| PB 0x000000008da00000| Untracked 
| 219|0x000000008db00000, 0x000000008dc00000, 0x000000008dc00000|100%| O|  |TAMS 0x000000008dc00000| PB 0x000000008db00000| Untracked 
| 220|0x000000008dc00000, 0x000000008dd00000, 0x000000008dd00000|100%| O|  |TAMS 0x000000008dd00000| PB 0x000000008dc00000| Untracked 
| 221|0x000000008dd00000, 0x000000008de00000, 0x000000008de00000|100%| O|  |TAMS 0x000000008de00000| PB 0x000000008dd00000| Untracked 
| 222|0x000000008de00000, 0x000000008df00000, 0x000000008df00000|100%| O|  |TAMS 0x000000008df00000| PB 0x000000008de00000| Untracked 
| 223|0x000000008df00000, 0x000000008e000000, 0x000000008e000000|100%| O|  |TAMS 0x000000008e000000| PB 0x000000008df00000| Untracked 
| 224|0x000000008e000000, 0x000000008e100000, 0x000000008e100000|100%| O|  |TAMS 0x000000008e100000| PB 0x000000008e000000| Untracked 
| 225|0x000000008e100000, 0x000000008e200000, 0x000000008e200000|100%| O|  |TAMS 0x000000008e200000| PB 0x000000008e100000| Untracked 
| 226|0x000000008e200000, 0x000000008e300000, 0x000000008e300000|100%| O|  |TAMS 0x000000008e300000| PB 0x000000008e200000| Untracked 
| 227|0x000000008e300000, 0x000000008e400000, 0x000000008e400000|100%| O|  |TAMS 0x000000008e400000| PB 0x000000008e300000| Untracked 
| 228|0x000000008e400000, 0x000000008e500000, 0x000000008e500000|100%| O|  |TAMS 0x000000008e500000| PB 0x000000008e400000| Untracked 
| 229|0x000000008e500000, 0x000000008e600000, 0x000000008e600000|100%| O|  |TAMS 0x000000008e600000| PB 0x000000008e500000| Untracked 
| 230|0x000000008e600000, 0x000000008e700000, 0x000000008e700000|100%| O|  |TAMS 0x000000008e700000| PB 0x000000008e600000| Untracked 
| 231|0x000000008e700000, 0x000000008e800000, 0x000000008e800000|100%| O|  |TAMS 0x000000008e800000| PB 0x000000008e700000| Untracked 
| 232|0x000000008e800000, 0x000000008e900000, 0x000000008e900000|100%| O|  |TAMS 0x000000008e900000| PB 0x000000008e800000| Untracked 
| 233|0x000000008e900000, 0x000000008ea00000, 0x000000008ea00000|100%| O|  |TAMS 0x000000008ea00000| PB 0x000000008e900000| Untracked 
| 234|0x000000008ea00000, 0x000000008eb00000, 0x000000008eb00000|100%| O|  |TAMS 0x000000008eb00000| PB 0x000000008ea00000| Untracked 
| 235|0x000000008eb00000, 0x000000008ec00000, 0x000000008ec00000|100%| O|  |TAMS 0x000000008ec00000| PB 0x000000008eb00000| Untracked 
| 236|0x000000008ec00000, 0x000000008ed00000, 0x000000008ed00000|100%| O|  |TAMS 0x000000008ed00000| PB 0x000000008ec00000| Untracked 
| 237|0x000000008ed00000, 0x000000008ee00000, 0x000000008ee00000|100%| O|  |TAMS 0x000000008ee00000| PB 0x000000008ed00000| Untracked 
| 238|0x000000008ee00000, 0x000000008ef00000, 0x000000008ef00000|100%| O|  |TAMS 0x000000008ef00000| PB 0x000000008ee00000| Untracked 
| 239|0x000000008ef00000, 0x000000008f000000, 0x000000008f000000|100%|HS|  |TAMS 0x000000008f000000| PB 0x000000008ef00000| Complete 
| 240|0x000000008f000000, 0x000000008f100000, 0x000000008f100000|100%|HS|  |TAMS 0x000000008f100000| PB 0x000000008f000000| Complete 
| 241|0x000000008f100000, 0x000000008f200000, 0x000000008f200000|100%| O|  |TAMS 0x000000008f200000| PB 0x000000008f100000| Untracked 
| 242|0x000000008f200000, 0x000000008f300000, 0x000000008f300000|100%| O|  |TAMS 0x000000008f300000| PB 0x000000008f200000| Untracked 
| 243|0x000000008f300000, 0x000000008f400000, 0x000000008f400000|100%| O|  |TAMS 0x000000008f400000| PB 0x000000008f300000| Untracked 
| 244|0x000000008f400000, 0x000000008f500000, 0x000000008f500000|100%| O|  |TAMS 0x000000008f500000| PB 0x000000008f400000| Untracked 
| 245|0x000000008f500000, 0x000000008f600000, 0x000000008f600000|100%| O|  |TAMS 0x000000008f600000| PB 0x000000008f500000| Untracked 
| 246|0x000000008f600000, 0x000000008f700000, 0x000000008f700000|100%| O|  |TAMS 0x000000008f700000| PB 0x000000008f600000| Untracked 
| 247|0x000000008f700000, 0x000000008f800000, 0x000000008f800000|100%| O|  |TAMS 0x000000008f800000| PB 0x000000008f700000| Untracked 
| 248|0x000000008f800000, 0x000000008f900000, 0x000000008f900000|100%| O|  |TAMS 0x000000008f900000| PB 0x000000008f800000| Untracked 
| 249|0x000000008f900000, 0x000000008fa00000, 0x000000008fa00000|100%| O|  |TAMS 0x000000008fa00000| PB 0x000000008f900000| Untracked 
| 250|0x000000008fa00000, 0x000000008fb00000, 0x000000008fb00000|100%| O|  |TAMS 0x000000008fb00000| PB 0x000000008fa00000| Untracked 
| 251|0x000000008fb00000, 0x000000008fc00000, 0x000000008fc00000|100%| O|  |TAMS 0x000000008fc00000| PB 0x000000008fb00000| Untracked 
| 252|0x000000008fc00000, 0x000000008fd00000, 0x000000008fd00000|100%| O|  |TAMS 0x000000008fd00000| PB 0x000000008fc00000| Untracked 
| 253|0x000000008fd00000, 0x000000008fe00000, 0x000000008fe00000|100%| O|  |TAMS 0x000000008fe00000| PB 0x000000008fd00000| Untracked 
| 254|0x000000008fe00000, 0x000000008ff00000, 0x000000008ff00000|100%| O|  |TAMS 0x000000008ff00000| PB 0x000000008fe00000| Untracked 
| 255|0x000000008ff00000, 0x0000000090000000, 0x0000000090000000|100%| O|  |TAMS 0x0000000090000000| PB 0x000000008ff00000| Untracked 
| 256|0x0000000090000000, 0x0000000090100000, 0x0000000090100000|100%| O|  |TAMS 0x0000000090100000| PB 0x0000000090000000| Untracked 
| 257|0x0000000090100000, 0x0000000090200000, 0x0000000090200000|100%| O|  |TAMS 0x0000000090200000| PB 0x0000000090100000| Untracked 
| 258|0x0000000090200000, 0x0000000090300000, 0x0000000090300000|100%| O|  |TAMS 0x0000000090300000| PB 0x0000000090200000| Untracked 
| 259|0x0000000090300000, 0x0000000090400000, 0x0000000090400000|100%| O|  |TAMS 0x0000000090400000| PB 0x0000000090300000| Untracked 
| 260|0x0000000090400000, 0x0000000090500000, 0x0000000090500000|100%| O|  |TAMS 0x0000000090500000| PB 0x0000000090400000| Untracked 
| 261|0x0000000090500000, 0x0000000090600000, 0x0000000090600000|100%| O|  |TAMS 0x0000000090600000| PB 0x0000000090500000| Untracked 
| 262|0x0000000090600000, 0x0000000090700000, 0x0000000090700000|100%| O|  |TAMS 0x0000000090700000| PB 0x0000000090600000| Untracked 
| 263|0x0000000090700000, 0x0000000090800000, 0x0000000090800000|100%| O|  |TAMS 0x0000000090800000| PB 0x0000000090700000| Untracked 
| 264|0x0000000090800000, 0x0000000090900000, 0x0000000090900000|100%| O|  |TAMS 0x0000000090900000| PB 0x0000000090800000| Untracked 
| 265|0x0000000090900000, 0x0000000090a00000, 0x0000000090a00000|100%| O|  |TAMS 0x0000000090a00000| PB 0x0000000090900000| Untracked 
| 266|0x0000000090a00000, 0x0000000090b00000, 0x0000000090b00000|100%| O|  |TAMS 0x0000000090b00000| PB 0x0000000090a00000| Untracked 
| 267|0x0000000090b00000, 0x0000000090c00000, 0x0000000090c00000|100%| O|  |TAMS 0x0000000090c00000| PB 0x0000000090b00000| Untracked 
| 268|0x0000000090c00000, 0x0000000090d00000, 0x0000000090d00000|100%| O|  |TAMS 0x0000000090c00000| PB 0x0000000090c00000| Untracked 
| 269|0x0000000090d00000, 0x0000000090e00000, 0x0000000090e00000|100%|HS|  |TAMS 0x0000000090e00000| PB 0x0000000090d00000| Complete 
| 270|0x0000000090e00000, 0x0000000090f00000, 0x0000000090f00000|100%|HS|  |TAMS 0x0000000090f00000| PB 0x0000000090e00000| Complete 
| 271|0x0000000090f00000, 0x0000000091000000, 0x0000000091000000|100%| O|  |TAMS 0x0000000091000000| PB 0x0000000090f00000| Untracked 
| 272|0x0000000091000000, 0x0000000091100000, 0x0000000091100000|100%| O|  |TAMS 0x0000000091100000| PB 0x0000000091000000| Untracked 
| 273|0x0000000091100000, 0x0000000091200000, 0x0000000091200000|100%| O|  |TAMS 0x0000000091200000| PB 0x0000000091100000| Untracked 
| 274|0x0000000091200000, 0x0000000091300000, 0x0000000091300000|100%| O|  |TAMS 0x0000000091300000| PB 0x0000000091200000| Untracked 
| 275|0x0000000091300000, 0x0000000091400000, 0x0000000091400000|100%| O|  |TAMS 0x0000000091400000| PB 0x0000000091300000| Untracked 
| 276|0x0000000091400000, 0x0000000091500000, 0x0000000091500000|100%| O|  |TAMS 0x0000000091500000| PB 0x0000000091400000| Untracked 
| 277|0x0000000091500000, 0x0000000091600000, 0x0000000091600000|100%| O|  |TAMS 0x0000000091600000| PB 0x0000000091500000| Untracked 
| 278|0x0000000091600000, 0x0000000091700000, 0x0000000091700000|100%| O|  |TAMS 0x0000000091700000| PB 0x0000000091600000| Untracked 
| 279|0x0000000091700000, 0x0000000091800000, 0x0000000091800000|100%| O|  |TAMS 0x0000000091800000| PB 0x0000000091700000| Untracked 
| 280|0x0000000091800000, 0x0000000091900000, 0x0000000091900000|100%| O|  |TAMS 0x0000000091900000| PB 0x0000000091800000| Untracked 
| 281|0x0000000091900000, 0x0000000091a00000, 0x0000000091a00000|100%| O|  |TAMS 0x0000000091a00000| PB 0x0000000091900000| Untracked 
| 282|0x0000000091a00000, 0x0000000091b00000, 0x0000000091b00000|100%| O|  |TAMS 0x0000000091b00000| PB 0x0000000091a00000| Untracked 
| 283|0x0000000091b00000, 0x0000000091c00000, 0x0000000091c00000|100%|HS|  |TAMS 0x0000000091c00000| PB 0x0000000091b00000| Complete 
| 284|0x0000000091c00000, 0x0000000091d00000, 0x0000000091d00000|100%|HS|  |TAMS 0x0000000091d00000| PB 0x0000000091c00000| Complete 
| 285|0x0000000091d00000, 0x0000000091e00000, 0x0000000091e00000|100%|HC|  |TAMS 0x0000000091e00000| PB 0x0000000091d00000| Complete 
| 286|0x0000000091e00000, 0x0000000091f00000, 0x0000000091f00000|100%|HS|  |TAMS 0x0000000091f00000| PB 0x0000000091e00000| Complete 
| 287|0x0000000091f00000, 0x0000000092000000, 0x0000000092000000|100%| O|  |TAMS 0x0000000092000000| PB 0x0000000091f00000| Untracked 
| 288|0x0000000092000000, 0x0000000092100000, 0x0000000092100000|100%| O|  |TAMS 0x0000000092100000| PB 0x0000000092000000| Untracked 
| 289|0x0000000092100000, 0x0000000092200000, 0x0000000092200000|100%| O|  |TAMS 0x0000000092200000| PB 0x0000000092100000| Untracked 
| 290|0x0000000092200000, 0x0000000092300000, 0x0000000092300000|100%| O|  |TAMS 0x0000000092300000| PB 0x0000000092200000| Untracked 
| 291|0x0000000092300000, 0x0000000092400000, 0x0000000092400000|100%| O|  |TAMS 0x0000000092400000| PB 0x0000000092300000| Untracked 
| 292|0x0000000092400000, 0x0000000092500000, 0x0000000092500000|100%| O|  |TAMS 0x0000000092500000| PB 0x0000000092400000| Untracked 
| 293|0x0000000092500000, 0x0000000092600000, 0x0000000092600000|100%| O|  |TAMS 0x0000000092600000| PB 0x0000000092500000| Untracked 
| 294|0x0000000092600000, 0x0000000092700000, 0x0000000092700000|100%| O|  |TAMS 0x0000000092700000| PB 0x0000000092600000| Untracked 
| 295|0x0000000092700000, 0x0000000092800000, 0x0000000092800000|100%| O|  |TAMS 0x0000000092800000| PB 0x0000000092700000| Untracked 
| 296|0x0000000092800000, 0x0000000092900000, 0x0000000092900000|100%| O|  |TAMS 0x0000000092900000| PB 0x0000000092800000| Untracked 
| 297|0x0000000092900000, 0x0000000092a00000, 0x0000000092a00000|100%| O|  |TAMS 0x0000000092a00000| PB 0x0000000092900000| Untracked 
| 298|0x0000000092a00000, 0x0000000092b00000, 0x0000000092b00000|100%| O|  |TAMS 0x0000000092b00000| PB 0x0000000092a00000| Untracked 
| 299|0x0000000092b00000, 0x0000000092c00000, 0x0000000092c00000|100%| O|  |TAMS 0x0000000092c00000| PB 0x0000000092b00000| Untracked 
| 300|0x0000000092c00000, 0x0000000092d00000, 0x0000000092d00000|100%| O|  |TAMS 0x0000000092d00000| PB 0x0000000092c00000| Untracked 
| 301|0x0000000092d00000, 0x0000000092e00000, 0x0000000092e00000|100%| O|  |TAMS 0x0000000092e00000| PB 0x0000000092d00000| Untracked 
| 302|0x0000000092e00000, 0x0000000092f00000, 0x0000000092f00000|100%| O|  |TAMS 0x0000000092f00000| PB 0x0000000092e00000| Untracked 
| 303|0x0000000092f00000, 0x0000000093000000, 0x0000000093000000|100%| O|  |TAMS 0x0000000093000000| PB 0x0000000092f00000| Untracked 
| 304|0x0000000093000000, 0x0000000093100000, 0x0000000093100000|100%| O|  |TAMS 0x0000000093100000| PB 0x0000000093000000| Untracked 
| 305|0x0000000093100000, 0x0000000093200000, 0x0000000093200000|100%| O|  |TAMS 0x0000000093200000| PB 0x0000000093100000| Untracked 
| 306|0x0000000093200000, 0x0000000093300000, 0x0000000093300000|100%| O|  |TAMS 0x0000000093300000| PB 0x0000000093200000| Untracked 
| 307|0x0000000093300000, 0x0000000093400000, 0x0000000093400000|100%| O|  |TAMS 0x0000000093400000| PB 0x0000000093300000| Untracked 
| 308|0x0000000093400000, 0x0000000093500000, 0x0000000093500000|100%| O|  |TAMS 0x0000000093500000| PB 0x0000000093400000| Untracked 
| 309|0x0000000093500000, 0x0000000093600000, 0x0000000093600000|100%| O|  |TAMS 0x0000000093600000| PB 0x0000000093500000| Untracked 
| 310|0x0000000093600000, 0x0000000093700000, 0x0000000093700000|100%| O|  |TAMS 0x0000000093600000| PB 0x0000000093600000| Untracked 
| 311|0x0000000093700000, 0x0000000093800000, 0x0000000093800000|100%| O|  |TAMS 0x0000000093700000| PB 0x0000000093700000| Untracked 
| 312|0x0000000093800000, 0x0000000093900000, 0x0000000093900000|100%| O|  |TAMS 0x0000000093800000| PB 0x0000000093800000| Untracked 
| 313|0x0000000093900000, 0x0000000093a00000, 0x0000000093a00000|100%|HS|  |TAMS 0x0000000093a00000| PB 0x0000000093900000| Complete 
| 314|0x0000000093a00000, 0x0000000093b00000, 0x0000000093b00000|100%|HS|  |TAMS 0x0000000093b00000| PB 0x0000000093a00000| Complete 
| 315|0x0000000093b00000, 0x0000000093c00000, 0x0000000093c00000|100%|HC|  |TAMS 0x0000000093c00000| PB 0x0000000093b00000| Complete 
| 316|0x0000000093c00000, 0x0000000093d00000, 0x0000000093d00000|100%|HS|  |TAMS 0x0000000093d00000| PB 0x0000000093c00000| Complete 
| 317|0x0000000093d00000, 0x0000000093e00000, 0x0000000093e00000|100%| O|  |TAMS 0x0000000093e00000| PB 0x0000000093d00000| Untracked 
| 318|0x0000000093e00000, 0x0000000093f00000, 0x0000000093f00000|100%| O|  |TAMS 0x0000000093e00000| PB 0x0000000093e00000| Untracked 
| 319|0x0000000093f00000, 0x0000000094000000, 0x0000000094000000|100%| O|  |TAMS 0x0000000094000000| PB 0x0000000093f00000| Untracked 
| 320|0x0000000094000000, 0x0000000094100000, 0x0000000094100000|100%|HS|  |TAMS 0x0000000094100000| PB 0x0000000094000000| Complete 
| 321|0x0000000094100000, 0x0000000094200000, 0x0000000094200000|100%| O|  |TAMS 0x0000000094200000| PB 0x0000000094100000| Untracked 
| 322|0x0000000094200000, 0x0000000094300000, 0x0000000094300000|100%| O|  |TAMS 0x0000000094300000| PB 0x0000000094200000| Untracked 
| 323|0x0000000094300000, 0x0000000094400000, 0x0000000094400000|100%| O|  |TAMS 0x0000000094400000| PB 0x0000000094300000| Untracked 
| 324|0x0000000094400000, 0x0000000094500000, 0x0000000094500000|100%| O|  |TAMS 0x0000000094500000| PB 0x0000000094400000| Untracked 
| 325|0x0000000094500000, 0x0000000094600000, 0x0000000094600000|100%| O|  |TAMS 0x0000000094600000| PB 0x0000000094500000| Untracked 
| 326|0x0000000094600000, 0x0000000094700000, 0x0000000094700000|100%| O|  |TAMS 0x0000000094700000| PB 0x0000000094600000| Untracked 
| 327|0x0000000094700000, 0x0000000094800000, 0x0000000094800000|100%| O|  |TAMS 0x0000000094700000| PB 0x0000000094700000| Untracked 
| 328|0x0000000094800000, 0x0000000094900000, 0x0000000094900000|100%| O|  |TAMS 0x0000000094900000| PB 0x0000000094800000| Untracked 
| 329|0x0000000094900000, 0x0000000094a00000, 0x0000000094a00000|100%| O|  |TAMS 0x0000000094a00000| PB 0x0000000094900000| Untracked 
| 330|0x0000000094a00000, 0x0000000094b00000, 0x0000000094b00000|100%| O|  |TAMS 0x0000000094b00000| PB 0x0000000094a00000| Untracked 
| 331|0x0000000094b00000, 0x0000000094c00000, 0x0000000094c00000|100%| O|  |TAMS 0x0000000094c00000| PB 0x0000000094b00000| Untracked 
| 332|0x0000000094c00000, 0x0000000094d00000, 0x0000000094d00000|100%| O|  |TAMS 0x0000000094d00000| PB 0x0000000094c00000| Untracked 
| 333|0x0000000094d00000, 0x0000000094e00000, 0x0000000094e00000|100%| O|  |TAMS 0x0000000094e00000| PB 0x0000000094d00000| Untracked 
| 334|0x0000000094e00000, 0x0000000094f00000, 0x0000000094f00000|100%| O|  |TAMS 0x0000000094f00000| PB 0x0000000094e00000| Untracked 
| 335|0x0000000094f00000, 0x0000000095000000, 0x0000000095000000|100%| O|  |TAMS 0x0000000095000000| PB 0x0000000094f00000| Untracked 
| 336|0x0000000095000000, 0x0000000095100000, 0x0000000095100000|100%| O|  |TAMS 0x0000000095100000| PB 0x0000000095000000| Untracked 
| 337|0x0000000095100000, 0x0000000095200000, 0x0000000095200000|100%| O|  |TAMS 0x0000000095200000| PB 0x0000000095100000| Untracked 
| 338|0x0000000095200000, 0x0000000095300000, 0x0000000095300000|100%| O|  |TAMS 0x0000000095300000| PB 0x0000000095200000| Untracked 
| 339|0x0000000095300000, 0x0000000095400000, 0x0000000095400000|100%| O|  |TAMS 0x0000000095400000| PB 0x0000000095300000| Untracked 
| 340|0x0000000095400000, 0x0000000095500000, 0x0000000095500000|100%| O|  |TAMS 0x0000000095500000| PB 0x0000000095400000| Untracked 
| 341|0x0000000095500000, 0x0000000095600000, 0x0000000095600000|100%| O|  |TAMS 0x0000000095600000| PB 0x0000000095500000| Untracked 
| 342|0x0000000095600000, 0x0000000095700000, 0x0000000095700000|100%| O|  |TAMS 0x0000000095700000| PB 0x0000000095600000| Untracked 
| 343|0x0000000095700000, 0x0000000095800000, 0x0000000095800000|100%| O|  |TAMS 0x0000000095800000| PB 0x0000000095700000| Untracked 
| 344|0x0000000095800000, 0x0000000095900000, 0x0000000095900000|100%| O|  |TAMS 0x0000000095900000| PB 0x0000000095800000| Untracked 
| 345|0x0000000095900000, 0x0000000095a00000, 0x0000000095a00000|100%| O|  |TAMS 0x0000000095a00000| PB 0x0000000095900000| Untracked 
| 346|0x0000000095a00000, 0x0000000095b00000, 0x0000000095b00000|100%| O|  |TAMS 0x0000000095b00000| PB 0x0000000095a00000| Untracked 
| 347|0x0000000095b00000, 0x0000000095c00000, 0x0000000095c00000|100%| O|  |TAMS 0x0000000095c00000| PB 0x0000000095b00000| Untracked 
| 348|0x0000000095c00000, 0x0000000095d00000, 0x0000000095d00000|100%| O|  |TAMS 0x0000000095c00000| PB 0x0000000095c00000| Untracked 
| 349|0x0000000095d00000, 0x0000000095e00000, 0x0000000095e00000|100%| O|  |TAMS 0x0000000095e00000| PB 0x0000000095d00000| Untracked 
| 350|0x0000000095e00000, 0x0000000095f00000, 0x0000000095f00000|100%| O|  |TAMS 0x0000000095f00000| PB 0x0000000095e00000| Untracked 
| 351|0x0000000095f00000, 0x0000000096000000, 0x0000000096000000|100%| O|  |TAMS 0x0000000096000000| PB 0x0000000095f00000| Untracked 
| 352|0x0000000096000000, 0x0000000096100000, 0x0000000096100000|100%| O|  |TAMS 0x0000000096100000| PB 0x0000000096000000| Untracked 
| 353|0x0000000096100000, 0x0000000096200000, 0x0000000096200000|100%| O|  |TAMS 0x0000000096200000| PB 0x0000000096100000| Untracked 
| 354|0x0000000096200000, 0x0000000096300000, 0x0000000096300000|100%| O|  |TAMS 0x0000000096300000| PB 0x0000000096200000| Untracked 
| 355|0x0000000096300000, 0x0000000096400000, 0x0000000096400000|100%| O|  |TAMS 0x0000000096400000| PB 0x0000000096300000| Untracked 
| 356|0x0000000096400000, 0x0000000096500000, 0x0000000096500000|100%| O|  |TAMS 0x0000000096500000| PB 0x0000000096400000| Untracked 
| 357|0x0000000096500000, 0x0000000096600000, 0x0000000096600000|100%| O|  |TAMS 0x0000000096600000| PB 0x0000000096500000| Untracked 
| 358|0x0000000096600000, 0x0000000096700000, 0x0000000096700000|100%| O|  |TAMS 0x0000000096700000| PB 0x0000000096600000| Untracked 
| 359|0x0000000096700000, 0x0000000096800000, 0x0000000096800000|100%| O|  |TAMS 0x0000000096800000| PB 0x0000000096700000| Untracked 
| 360|0x0000000096800000, 0x0000000096900000, 0x0000000096900000|100%| O|  |TAMS 0x0000000096900000| PB 0x0000000096800000| Untracked 
| 361|0x0000000096900000, 0x0000000096a00000, 0x0000000096a00000|100%| O|  |TAMS 0x0000000096a00000| PB 0x0000000096900000| Untracked 
| 362|0x0000000096a00000, 0x0000000096b00000, 0x0000000096b00000|100%| O|  |TAMS 0x0000000096b00000| PB 0x0000000096a00000| Untracked 
| 363|0x0000000096b00000, 0x0000000096c00000, 0x0000000096c00000|100%| O|  |TAMS 0x0000000096c00000| PB 0x0000000096b00000| Untracked 
| 364|0x0000000096c00000, 0x0000000096d00000, 0x0000000096d00000|100%| O|  |TAMS 0x0000000096d00000| PB 0x0000000096c00000| Untracked 
| 365|0x0000000096d00000, 0x0000000096e00000, 0x0000000096e00000|100%| O|  |TAMS 0x0000000096d00000| PB 0x0000000096d00000| Untracked 
| 366|0x0000000096e00000, 0x0000000096f00000, 0x0000000096f00000|100%| O|  |TAMS 0x0000000096f00000| PB 0x0000000096e00000| Untracked 
| 367|0x0000000096f00000, 0x0000000097000000, 0x0000000097000000|100%| O|  |TAMS 0x0000000097000000| PB 0x0000000096f00000| Untracked 
| 368|0x0000000097000000, 0x0000000097100000, 0x0000000097100000|100%| O|  |TAMS 0x0000000097100000| PB 0x0000000097000000| Untracked 
| 369|0x0000000097100000, 0x0000000097200000, 0x0000000097200000|100%| O|  |TAMS 0x0000000097200000| PB 0x0000000097100000| Untracked 
| 370|0x0000000097200000, 0x0000000097300000, 0x0000000097300000|100%| O|  |TAMS 0x0000000097300000| PB 0x0000000097200000| Untracked 
| 371|0x0000000097300000, 0x0000000097400000, 0x0000000097400000|100%| O|  |TAMS 0x0000000097400000| PB 0x0000000097300000| Untracked 
| 372|0x0000000097400000, 0x0000000097500000, 0x0000000097500000|100%| O|  |TAMS 0x0000000097500000| PB 0x0000000097400000| Untracked 
| 373|0x0000000097500000, 0x0000000097600000, 0x0000000097600000|100%| O|  |TAMS 0x0000000097600000| PB 0x0000000097500000| Untracked 
| 374|0x0000000097600000, 0x0000000097700000, 0x0000000097700000|100%| O|  |TAMS 0x0000000097700000| PB 0x0000000097600000| Untracked 
| 375|0x0000000097700000, 0x0000000097800000, 0x0000000097800000|100%| O|  |TAMS 0x0000000097800000| PB 0x0000000097700000| Untracked 
| 376|0x0000000097800000, 0x0000000097900000, 0x0000000097900000|100%| O|  |TAMS 0x0000000097900000| PB 0x0000000097800000| Untracked 
| 377|0x0000000097900000, 0x0000000097a00000, 0x0000000097a00000|100%| O|  |TAMS 0x0000000097a00000| PB 0x0000000097900000| Untracked 
| 378|0x0000000097a00000, 0x0000000097b00000, 0x0000000097b00000|100%| O|  |TAMS 0x0000000097b00000| PB 0x0000000097a00000| Untracked 
| 379|0x0000000097b00000, 0x0000000097c00000, 0x0000000097c00000|100%| O|  |TAMS 0x0000000097c00000| PB 0x0000000097b00000| Untracked 
| 380|0x0000000097c00000, 0x0000000097d00000, 0x0000000097d00000|100%| O|  |TAMS 0x0000000097d00000| PB 0x0000000097c00000| Untracked 
| 381|0x0000000097d00000, 0x0000000097e00000, 0x0000000097e00000|100%| O|  |TAMS 0x0000000097e00000| PB 0x0000000097d00000| Untracked 
| 382|0x0000000097e00000, 0x0000000097f00000, 0x0000000097f00000|100%| O|  |TAMS 0x0000000097e00000| PB 0x0000000097e00000| Untracked 
| 383|0x0000000097f00000, 0x0000000098000000, 0x0000000098000000|100%| O|  |TAMS 0x0000000097f00000| PB 0x0000000097f00000| Untracked 
| 384|0x0000000098000000, 0x0000000098100000, 0x0000000098100000|100%| O|  |TAMS 0x0000000098000000| PB 0x0000000098000000| Untracked 
| 385|0x0000000098100000, 0x0000000098100000, 0x0000000098200000|  0%| F|  |TAMS 0x0000000098100000| PB 0x0000000098100000| Untracked 
| 386|0x0000000098200000, 0x0000000098200000, 0x0000000098300000|  0%| F|  |TAMS 0x0000000098200000| PB 0x0000000098200000| Untracked 
| 387|0x0000000098300000, 0x0000000098300000, 0x0000000098400000|  0%| F|  |TAMS 0x0000000098300000| PB 0x0000000098300000| Untracked 
| 388|0x0000000098400000, 0x0000000098400000, 0x0000000098500000|  0%| F|  |TAMS 0x0000000098400000| PB 0x0000000098400000| Untracked 
| 389|0x0000000098500000, 0x0000000098500000, 0x0000000098600000|  0%| F|  |TAMS 0x0000000098500000| PB 0x0000000098500000| Untracked 
| 390|0x0000000098600000, 0x0000000098600000, 0x0000000098700000|  0%| F|  |TAMS 0x0000000098600000| PB 0x0000000098600000| Untracked 
| 391|0x0000000098700000, 0x0000000098700000, 0x0000000098800000|  0%| F|  |TAMS 0x0000000098700000| PB 0x0000000098700000| Untracked 
| 392|0x0000000098800000, 0x0000000098800000, 0x0000000098900000|  0%| F|  |TAMS 0x0000000098800000| PB 0x0000000098800000| Untracked 
| 393|0x0000000098900000, 0x0000000098900000, 0x0000000098a00000|  0%| F|  |TAMS 0x0000000098900000| PB 0x0000000098900000| Untracked 
| 394|0x0000000098a00000, 0x0000000098b00000, 0x0000000098b00000|100%| S|CS|TAMS 0x0000000098a00000| PB 0x0000000098a00000| Complete 
| 395|0x0000000098b00000, 0x0000000098c00000, 0x0000000098c00000|100%| S|CS|TAMS 0x0000000098b00000| PB 0x0000000098b00000| Complete 
| 396|0x0000000098c00000, 0x0000000098d00000, 0x0000000098d00000|100%| S|CS|TAMS 0x0000000098c00000| PB 0x0000000098c00000| Complete 
| 397|0x0000000098d00000, 0x0000000098e00000, 0x0000000098e00000|100%| S|CS|TAMS 0x0000000098d00000| PB 0x0000000098d00000| Complete 
| 398|0x0000000098e00000, 0x0000000098f00000, 0x0000000098f00000|100%| S|CS|TAMS 0x0000000098e00000| PB 0x0000000098e00000| Complete 
| 399|0x0000000098f00000, 0x0000000099000000, 0x0000000099000000|100%| S|CS|TAMS 0x0000000098f00000| PB 0x0000000098f00000| Complete 
| 400|0x0000000099000000, 0x0000000099100000, 0x0000000099100000|100%| S|CS|TAMS 0x0000000099000000| PB 0x0000000099000000| Complete 
| 401|0x0000000099100000, 0x0000000099200000, 0x0000000099200000|100%| S|CS|TAMS 0x0000000099100000| PB 0x0000000099100000| Complete 
| 402|0x0000000099200000, 0x0000000099300000, 0x0000000099300000|100%| S|CS|TAMS 0x0000000099200000| PB 0x0000000099200000| Complete 
| 403|0x0000000099300000, 0x0000000099400000, 0x0000000099400000|100%| S|CS|TAMS 0x0000000099300000| PB 0x0000000099300000| Complete 
| 404|0x0000000099400000, 0x0000000099500000, 0x0000000099500000|100%| S|CS|TAMS 0x0000000099400000| PB 0x0000000099400000| Complete 
| 405|0x0000000099500000, 0x0000000099600000, 0x0000000099600000|100%| S|CS|TAMS 0x0000000099500000| PB 0x0000000099500000| Complete 
| 406|0x0000000099600000, 0x0000000099700000, 0x0000000099700000|100%| S|CS|TAMS 0x0000000099600000| PB 0x0000000099600000| Complete 
| 407|0x0000000099700000, 0x0000000099800000, 0x0000000099800000|100%| S|CS|TAMS 0x0000000099700000| PB 0x0000000099700000| Complete 
| 408|0x0000000099800000, 0x0000000099900000, 0x0000000099900000|100%| S|CS|TAMS 0x0000000099800000| PB 0x0000000099800000| Complete 
| 409|0x0000000099900000, 0x0000000099a00000, 0x0000000099a00000|100%| S|CS|TAMS 0x0000000099900000| PB 0x0000000099900000| Complete 
| 410|0x0000000099a00000, 0x0000000099b00000, 0x0000000099b00000|100%| S|CS|TAMS 0x0000000099a00000| PB 0x0000000099a00000| Complete 
| 411|0x0000000099b00000, 0x0000000099c00000, 0x0000000099c00000|100%| S|CS|TAMS 0x0000000099b00000| PB 0x0000000099b00000| Complete 
| 412|0x0000000099c00000, 0x0000000099d00000, 0x0000000099d00000|100%| S|CS|TAMS 0x0000000099c00000| PB 0x0000000099c00000| Complete 
| 413|0x0000000099d00000, 0x0000000099e00000, 0x0000000099e00000|100%| S|CS|TAMS 0x0000000099d00000| PB 0x0000000099d00000| Complete 
| 414|0x0000000099e00000, 0x0000000099f00000, 0x0000000099f00000|100%| S|CS|TAMS 0x0000000099e00000| PB 0x0000000099e00000| Complete 
| 415|0x0000000099f00000, 0x000000009a000000, 0x000000009a000000|100%| S|CS|TAMS 0x0000000099f00000| PB 0x0000000099f00000| Complete 
| 416|0x000000009a000000, 0x000000009a100000, 0x000000009a100000|100%| S|CS|TAMS 0x000000009a000000| PB 0x000000009a000000| Complete 
| 417|0x000000009a100000, 0x000000009a200000, 0x000000009a200000|100%| S|CS|TAMS 0x000000009a100000| PB 0x000000009a100000| Complete 
| 418|0x000000009a200000, 0x000000009a300000, 0x000000009a300000|100%| S|CS|TAMS 0x000000009a200000| PB 0x000000009a200000| Complete 
| 419|0x000000009a300000, 0x000000009a400000, 0x000000009a400000|100%| S|CS|TAMS 0x000000009a300000| PB 0x000000009a300000| Complete 
| 420|0x000000009a400000, 0x000000009a500000, 0x000000009a500000|100%| S|CS|TAMS 0x000000009a400000| PB 0x000000009a400000| Complete 
| 421|0x000000009a500000, 0x000000009a600000, 0x000000009a600000|100%| S|CS|TAMS 0x000000009a500000| PB 0x000000009a500000| Complete 
| 422|0x000000009a600000, 0x000000009a600000, 0x000000009a700000|  0%| F|  |TAMS 0x000000009a600000| PB 0x000000009a600000| Untracked 
| 423|0x000000009a700000, 0x000000009a700000, 0x000000009a800000|  0%| F|  |TAMS 0x000000009a700000| PB 0x000000009a700000| Untracked 
| 424|0x000000009a800000, 0x000000009a800000, 0x000000009a900000|  0%| F|  |TAMS 0x000000009a800000| PB 0x000000009a800000| Untracked 
| 425|0x000000009a900000, 0x000000009a900000, 0x000000009aa00000|  0%| F|  |TAMS 0x000000009a900000| PB 0x000000009a900000| Untracked 
| 426|0x000000009aa00000, 0x000000009aa00000, 0x000000009ab00000|  0%| F|  |TAMS 0x000000009aa00000| PB 0x000000009aa00000| Untracked 
| 427|0x000000009ab00000, 0x000000009ab00000, 0x000000009ac00000|  0%| F|  |TAMS 0x000000009ab00000| PB 0x000000009ab00000| Untracked 
| 428|0x000000009ac00000, 0x000000009ac00000, 0x000000009ad00000|  0%| F|  |TAMS 0x000000009ac00000| PB 0x000000009ac00000| Untracked 
| 429|0x000000009ad00000, 0x000000009ad00000, 0x000000009ae00000|  0%| F|  |TAMS 0x000000009ad00000| PB 0x000000009ad00000| Untracked 
| 430|0x000000009ae00000, 0x000000009ae00000, 0x000000009af00000|  0%| F|  |TAMS 0x000000009ae00000| PB 0x000000009ae00000| Untracked 
| 431|0x000000009af00000, 0x000000009af00000, 0x000000009b000000|  0%| F|  |TAMS 0x000000009af00000| PB 0x000000009af00000| Untracked 
| 432|0x000000009b000000, 0x000000009b000000, 0x000000009b100000|  0%| F|  |TAMS 0x000000009b000000| PB 0x000000009b000000| Untracked 
| 433|0x000000009b100000, 0x000000009b100000, 0x000000009b200000|  0%| F|  |TAMS 0x000000009b100000| PB 0x000000009b100000| Untracked 
| 434|0x000000009b200000, 0x000000009b200000, 0x000000009b300000|  0%| F|  |TAMS 0x000000009b200000| PB 0x000000009b200000| Untracked 
| 435|0x000000009b300000, 0x000000009b300000, 0x000000009b400000|  0%| F|  |TAMS 0x000000009b300000| PB 0x000000009b300000| Untracked 
| 436|0x000000009b400000, 0x000000009b400000, 0x000000009b500000|  0%| F|  |TAMS 0x000000009b400000| PB 0x000000009b400000| Untracked 
| 437|0x000000009b500000, 0x000000009b500000, 0x000000009b600000|  0%| F|  |TAMS 0x000000009b500000| PB 0x000000009b500000| Untracked 
| 438|0x000000009b600000, 0x000000009b600000, 0x000000009b700000|  0%| F|  |TAMS 0x000000009b600000| PB 0x000000009b600000| Untracked 
| 439|0x000000009b700000, 0x000000009b700000, 0x000000009b800000|  0%| F|  |TAMS 0x000000009b700000| PB 0x000000009b700000| Untracked 
| 440|0x000000009b800000, 0x000000009b800000, 0x000000009b900000|  0%| F|  |TAMS 0x000000009b800000| PB 0x000000009b800000| Untracked 
| 441|0x000000009b900000, 0x000000009b900000, 0x000000009ba00000|  0%| F|  |TAMS 0x000000009b900000| PB 0x000000009b900000| Untracked 
| 442|0x000000009ba00000, 0x000000009ba00000, 0x000000009bb00000|  0%| F|  |TAMS 0x000000009ba00000| PB 0x000000009ba00000| Untracked 
| 443|0x000000009bb00000, 0x000000009bb00000, 0x000000009bc00000|  0%| F|  |TAMS 0x000000009bb00000| PB 0x000000009bb00000| Untracked 
| 444|0x000000009bc00000, 0x000000009bc00000, 0x000000009bd00000|  0%| F|  |TAMS 0x000000009bc00000| PB 0x000000009bc00000| Untracked 
| 445|0x000000009bd00000, 0x000000009bd00000, 0x000000009be00000|  0%| F|  |TAMS 0x000000009bd00000| PB 0x000000009bd00000| Untracked 
| 446|0x000000009be00000, 0x000000009be00000, 0x000000009bf00000|  0%| F|  |TAMS 0x000000009be00000| PB 0x000000009be00000| Untracked 
| 447|0x000000009bf00000, 0x000000009bf00000, 0x000000009c000000|  0%| F|  |TAMS 0x000000009bf00000| PB 0x000000009bf00000| Untracked 
| 448|0x000000009c000000, 0x000000009c000000, 0x000000009c100000|  0%| F|  |TAMS 0x000000009c000000| PB 0x000000009c000000| Untracked 
| 449|0x000000009c100000, 0x000000009c100000, 0x000000009c200000|  0%| F|  |TAMS 0x000000009c100000| PB 0x000000009c100000| Untracked 
| 450|0x000000009c200000, 0x000000009c200000, 0x000000009c300000|  0%| F|  |TAMS 0x000000009c200000| PB 0x000000009c200000| Untracked 
| 451|0x000000009c300000, 0x000000009c300000, 0x000000009c400000|  0%| F|  |TAMS 0x000000009c300000| PB 0x000000009c300000| Untracked 
| 452|0x000000009c400000, 0x000000009c400000, 0x000000009c500000|  0%| F|  |TAMS 0x000000009c400000| PB 0x000000009c400000| Untracked 
| 453|0x000000009c500000, 0x000000009c500000, 0x000000009c600000|  0%| F|  |TAMS 0x000000009c500000| PB 0x000000009c500000| Untracked 
| 454|0x000000009c600000, 0x000000009c600000, 0x000000009c700000|  0%| F|  |TAMS 0x000000009c600000| PB 0x000000009c600000| Untracked 
| 455|0x000000009c700000, 0x000000009c700000, 0x000000009c800000|  0%| F|  |TAMS 0x000000009c700000| PB 0x000000009c700000| Untracked 
| 456|0x000000009c800000, 0x000000009c800000, 0x000000009c900000|  0%| F|  |TAMS 0x000000009c800000| PB 0x000000009c800000| Untracked 
| 457|0x000000009c900000, 0x000000009c900000, 0x000000009ca00000|  0%| F|  |TAMS 0x000000009c900000| PB 0x000000009c900000| Untracked 
| 458|0x000000009ca00000, 0x000000009ca00000, 0x000000009cb00000|  0%| F|  |TAMS 0x000000009ca00000| PB 0x000000009ca00000| Untracked 
| 459|0x000000009cb00000, 0x000000009cb00000, 0x000000009cc00000|  0%| F|  |TAMS 0x000000009cb00000| PB 0x000000009cb00000| Untracked 
| 460|0x000000009cc00000, 0x000000009cc00000, 0x000000009cd00000|  0%| F|  |TAMS 0x000000009cc00000| PB 0x000000009cc00000| Untracked 
| 461|0x000000009cd00000, 0x000000009cd00000, 0x000000009ce00000|  0%| F|  |TAMS 0x000000009cd00000| PB 0x000000009cd00000| Untracked 
| 462|0x000000009ce00000, 0x000000009ce00000, 0x000000009cf00000|  0%| F|  |TAMS 0x000000009ce00000| PB 0x000000009ce00000| Untracked 
| 463|0x000000009cf00000, 0x000000009cf00000, 0x000000009d000000|  0%| F|  |TAMS 0x000000009cf00000| PB 0x000000009cf00000| Untracked 
| 464|0x000000009d000000, 0x000000009d000000, 0x000000009d100000|  0%| F|  |TAMS 0x000000009d000000| PB 0x000000009d000000| Untracked 
| 465|0x000000009d100000, 0x000000009d100000, 0x000000009d200000|  0%| F|  |TAMS 0x000000009d100000| PB 0x000000009d100000| Untracked 
| 466|0x000000009d200000, 0x000000009d200000, 0x000000009d300000|  0%| F|  |TAMS 0x000000009d200000| PB 0x000000009d200000| Untracked 
| 467|0x000000009d300000, 0x000000009d300000, 0x000000009d400000|  0%| F|  |TAMS 0x000000009d300000| PB 0x000000009d300000| Untracked 
| 468|0x000000009d400000, 0x000000009d400000, 0x000000009d500000|  0%| F|  |TAMS 0x000000009d400000| PB 0x000000009d400000| Untracked 
| 469|0x000000009d500000, 0x000000009d500000, 0x000000009d600000|  0%| F|  |TAMS 0x000000009d500000| PB 0x000000009d500000| Untracked 
| 470|0x000000009d600000, 0x000000009d600000, 0x000000009d700000|  0%| F|  |TAMS 0x000000009d600000| PB 0x000000009d600000| Untracked 
| 471|0x000000009d700000, 0x000000009d700000, 0x000000009d800000|  0%| F|  |TAMS 0x000000009d700000| PB 0x000000009d700000| Untracked 
| 472|0x000000009d800000, 0x000000009d800000, 0x000000009d900000|  0%| F|  |TAMS 0x000000009d800000| PB 0x000000009d800000| Untracked 
| 473|0x000000009d900000, 0x000000009d900000, 0x000000009da00000|  0%| F|  |TAMS 0x000000009d900000| PB 0x000000009d900000| Untracked 
| 474|0x000000009da00000, 0x000000009da00000, 0x000000009db00000|  0%| F|  |TAMS 0x000000009da00000| PB 0x000000009da00000| Untracked 
| 475|0x000000009db00000, 0x000000009db00000, 0x000000009dc00000|  0%| F|  |TAMS 0x000000009db00000| PB 0x000000009db00000| Untracked 
| 476|0x000000009dc00000, 0x000000009dc00000, 0x000000009dd00000|  0%| F|  |TAMS 0x000000009dc00000| PB 0x000000009dc00000| Untracked 
| 477|0x000000009dd00000, 0x000000009dd00000, 0x000000009de00000|  0%| F|  |TAMS 0x000000009dd00000| PB 0x000000009dd00000| Untracked 
| 478|0x000000009de00000, 0x000000009de00000, 0x000000009df00000|  0%| F|  |TAMS 0x000000009de00000| PB 0x000000009de00000| Untracked 
| 479|0x000000009df00000, 0x000000009df00000, 0x000000009e000000|  0%| F|  |TAMS 0x000000009df00000| PB 0x000000009df00000| Untracked 
| 480|0x000000009e000000, 0x000000009e000000, 0x000000009e100000|  0%| F|  |TAMS 0x000000009e000000| PB 0x000000009e000000| Untracked 
| 481|0x000000009e100000, 0x000000009e100000, 0x000000009e200000|  0%| F|  |TAMS 0x000000009e100000| PB 0x000000009e100000| Untracked 
| 482|0x000000009e200000, 0x000000009e200000, 0x000000009e300000|  0%| F|  |TAMS 0x000000009e200000| PB 0x000000009e200000| Untracked 
| 483|0x000000009e300000, 0x000000009e300000, 0x000000009e400000|  0%| F|  |TAMS 0x000000009e300000| PB 0x000000009e300000| Untracked 
| 484|0x000000009e400000, 0x000000009e400000, 0x000000009e500000|  0%| F|  |TAMS 0x000000009e400000| PB 0x000000009e400000| Untracked 
| 485|0x000000009e500000, 0x000000009e500000, 0x000000009e600000|  0%| F|  |TAMS 0x000000009e500000| PB 0x000000009e500000| Untracked 
| 486|0x000000009e600000, 0x000000009e600000, 0x000000009e700000|  0%| F|  |TAMS 0x000000009e600000| PB 0x000000009e600000| Untracked 
| 487|0x000000009e700000, 0x000000009e700000, 0x000000009e800000|  0%| F|  |TAMS 0x000000009e700000| PB 0x000000009e700000| Untracked 
| 488|0x000000009e800000, 0x000000009e800000, 0x000000009e900000|  0%| F|  |TAMS 0x000000009e800000| PB 0x000000009e800000| Untracked 
| 489|0x000000009e900000, 0x000000009e900000, 0x000000009ea00000|  0%| F|  |TAMS 0x000000009e900000| PB 0x000000009e900000| Untracked 
| 490|0x000000009ea00000, 0x000000009ea00000, 0x000000009eb00000|  0%| F|  |TAMS 0x000000009ea00000| PB 0x000000009ea00000| Untracked 
| 491|0x000000009eb00000, 0x000000009eb00000, 0x000000009ec00000|  0%| F|  |TAMS 0x000000009eb00000| PB 0x000000009eb00000| Untracked 
| 492|0x000000009ec00000, 0x000000009ec00000, 0x000000009ed00000|  0%| F|  |TAMS 0x000000009ec00000| PB 0x000000009ec00000| Untracked 
| 493|0x000000009ed00000, 0x000000009ed00000, 0x000000009ee00000|  0%| F|  |TAMS 0x000000009ed00000| PB 0x000000009ed00000| Untracked 
| 494|0x000000009ee00000, 0x000000009ee00000, 0x000000009ef00000|  0%| F|  |TAMS 0x000000009ee00000| PB 0x000000009ee00000| Untracked 
| 495|0x000000009ef00000, 0x000000009ef00000, 0x000000009f000000|  0%| F|  |TAMS 0x000000009ef00000| PB 0x000000009ef00000| Untracked 
| 496|0x000000009f000000, 0x000000009f000000, 0x000000009f100000|  0%| F|  |TAMS 0x000000009f000000| PB 0x000000009f000000| Untracked 
| 497|0x000000009f100000, 0x000000009f100000, 0x000000009f200000|  0%| F|  |TAMS 0x000000009f100000| PB 0x000000009f100000| Untracked 
| 498|0x000000009f200000, 0x000000009f200000, 0x000000009f300000|  0%| F|  |TAMS 0x000000009f200000| PB 0x000000009f200000| Untracked 
| 499|0x000000009f300000, 0x000000009f300000, 0x000000009f400000|  0%| F|  |TAMS 0x000000009f300000| PB 0x000000009f300000| Untracked 
| 500|0x000000009f400000, 0x000000009f400000, 0x000000009f500000|  0%| F|  |TAMS 0x000000009f400000| PB 0x000000009f400000| Untracked 
| 501|0x000000009f500000, 0x000000009f500000, 0x000000009f600000|  0%| F|  |TAMS 0x000000009f500000| PB 0x000000009f500000| Untracked 
| 502|0x000000009f600000, 0x000000009f600000, 0x000000009f700000|  0%| F|  |TAMS 0x000000009f600000| PB 0x000000009f600000| Untracked 
| 503|0x000000009f700000, 0x000000009f700000, 0x000000009f800000|  0%| F|  |TAMS 0x000000009f700000| PB 0x000000009f700000| Untracked 
| 504|0x000000009f800000, 0x000000009f800000, 0x000000009f900000|  0%| F|  |TAMS 0x000000009f800000| PB 0x000000009f800000| Untracked 
| 505|0x000000009f900000, 0x000000009f900000, 0x000000009fa00000|  0%| F|  |TAMS 0x000000009f900000| PB 0x000000009f900000| Untracked 
| 506|0x000000009fa00000, 0x000000009fa00000, 0x000000009fb00000|  0%| F|  |TAMS 0x000000009fa00000| PB 0x000000009fa00000| Untracked 
| 507|0x000000009fb00000, 0x000000009fb00000, 0x000000009fc00000|  0%| F|  |TAMS 0x000000009fb00000| PB 0x000000009fb00000| Untracked 
| 508|0x000000009fc00000, 0x000000009fc00000, 0x000000009fd00000|  0%| F|  |TAMS 0x000000009fc00000| PB 0x000000009fc00000| Untracked 
| 509|0x000000009fd00000, 0x000000009fd00000, 0x000000009fe00000|  0%| F|  |TAMS 0x000000009fd00000| PB 0x000000009fd00000| Untracked 
| 510|0x000000009fe00000, 0x000000009fe00000, 0x000000009ff00000|  0%| F|  |TAMS 0x000000009fe00000| PB 0x000000009fe00000| Untracked 
| 511|0x000000009ff00000, 0x000000009ff00000, 0x00000000a0000000|  0%| F|  |TAMS 0x000000009ff00000| PB 0x000000009ff00000| Untracked 
| 512|0x00000000a0000000, 0x00000000a0000000, 0x00000000a0100000|  0%| F|  |TAMS 0x00000000a0000000| PB 0x00000000a0000000| Untracked 
| 513|0x00000000a0100000, 0x00000000a0100000, 0x00000000a0200000|  0%| F|  |TAMS 0x00000000a0100000| PB 0x00000000a0100000| Untracked 
| 514|0x00000000a0200000, 0x00000000a0200000, 0x00000000a0300000|  0%| F|  |TAMS 0x00000000a0200000| PB 0x00000000a0200000| Untracked 
| 515|0x00000000a0300000, 0x00000000a0300000, 0x00000000a0400000|  0%| F|  |TAMS 0x00000000a0300000| PB 0x00000000a0300000| Untracked 
| 516|0x00000000a0400000, 0x00000000a0400000, 0x00000000a0500000|  0%| F|  |TAMS 0x00000000a0400000| PB 0x00000000a0400000| Untracked 
| 517|0x00000000a0500000, 0x00000000a0500000, 0x00000000a0600000|  0%| F|  |TAMS 0x00000000a0500000| PB 0x00000000a0500000| Untracked 
| 518|0x00000000a0600000, 0x00000000a0600000, 0x00000000a0700000|  0%| F|  |TAMS 0x00000000a0600000| PB 0x00000000a0600000| Untracked 
| 519|0x00000000a0700000, 0x00000000a0700000, 0x00000000a0800000|  0%| F|  |TAMS 0x00000000a0700000| PB 0x00000000a0700000| Untracked 
| 520|0x00000000a0800000, 0x00000000a0800000, 0x00000000a0900000|  0%| F|  |TAMS 0x00000000a0800000| PB 0x00000000a0800000| Untracked 
| 521|0x00000000a0900000, 0x00000000a0900000, 0x00000000a0a00000|  0%| F|  |TAMS 0x00000000a0900000| PB 0x00000000a0900000| Untracked 
| 522|0x00000000a0a00000, 0x00000000a0a00000, 0x00000000a0b00000|  0%| F|  |TAMS 0x00000000a0a00000| PB 0x00000000a0a00000| Untracked 
| 523|0x00000000a0b00000, 0x00000000a0b00000, 0x00000000a0c00000|  0%| F|  |TAMS 0x00000000a0b00000| PB 0x00000000a0b00000| Untracked 
| 524|0x00000000a0c00000, 0x00000000a0c00000, 0x00000000a0d00000|  0%| F|  |TAMS 0x00000000a0c00000| PB 0x00000000a0c00000| Untracked 
| 525|0x00000000a0d00000, 0x00000000a0d00000, 0x00000000a0e00000|  0%| F|  |TAMS 0x00000000a0d00000| PB 0x00000000a0d00000| Untracked 
| 526|0x00000000a0e00000, 0x00000000a0e00000, 0x00000000a0f00000|  0%| F|  |TAMS 0x00000000a0e00000| PB 0x00000000a0e00000| Untracked 
| 527|0x00000000a0f00000, 0x00000000a0f00000, 0x00000000a1000000|  0%| F|  |TAMS 0x00000000a0f00000| PB 0x00000000a0f00000| Untracked 
| 528|0x00000000a1000000, 0x00000000a1000000, 0x00000000a1100000|  0%| F|  |TAMS 0x00000000a1000000| PB 0x00000000a1000000| Untracked 
| 529|0x00000000a1100000, 0x00000000a1100000, 0x00000000a1200000|  0%| F|  |TAMS 0x00000000a1100000| PB 0x00000000a1100000| Untracked 
| 530|0x00000000a1200000, 0x00000000a1200000, 0x00000000a1300000|  0%| F|  |TAMS 0x00000000a1200000| PB 0x00000000a1200000| Untracked 
| 531|0x00000000a1300000, 0x00000000a1300000, 0x00000000a1400000|  0%| F|  |TAMS 0x00000000a1300000| PB 0x00000000a1300000| Untracked 
| 532|0x00000000a1400000, 0x00000000a1400000, 0x00000000a1500000|  0%| F|  |TAMS 0x00000000a1400000| PB 0x00000000a1400000| Untracked 
| 533|0x00000000a1500000, 0x00000000a1500000, 0x00000000a1600000|  0%| F|  |TAMS 0x00000000a1500000| PB 0x00000000a1500000| Untracked 
| 534|0x00000000a1600000, 0x00000000a1600000, 0x00000000a1700000|  0%| F|  |TAMS 0x00000000a1600000| PB 0x00000000a1600000| Untracked 
| 535|0x00000000a1700000, 0x00000000a1700000, 0x00000000a1800000|  0%| F|  |TAMS 0x00000000a1700000| PB 0x00000000a1700000| Untracked 
| 536|0x00000000a1800000, 0x00000000a1800000, 0x00000000a1900000|  0%| F|  |TAMS 0x00000000a1800000| PB 0x00000000a1800000| Untracked 
| 537|0x00000000a1900000, 0x00000000a1900000, 0x00000000a1a00000|  0%| F|  |TAMS 0x00000000a1900000| PB 0x00000000a1900000| Untracked 
| 538|0x00000000a1a00000, 0x00000000a1a00000, 0x00000000a1b00000|  0%| F|  |TAMS 0x00000000a1a00000| PB 0x00000000a1a00000| Untracked 
| 539|0x00000000a1b00000, 0x00000000a1b00000, 0x00000000a1c00000|  0%| F|  |TAMS 0x00000000a1b00000| PB 0x00000000a1b00000| Untracked 
| 540|0x00000000a1c00000, 0x00000000a1c00000, 0x00000000a1d00000|  0%| F|  |TAMS 0x00000000a1c00000| PB 0x00000000a1c00000| Untracked 
| 541|0x00000000a1d00000, 0x00000000a1d00000, 0x00000000a1e00000|  0%| F|  |TAMS 0x00000000a1d00000| PB 0x00000000a1d00000| Untracked 
| 542|0x00000000a1e00000, 0x00000000a1e00000, 0x00000000a1f00000|  0%| F|  |TAMS 0x00000000a1e00000| PB 0x00000000a1e00000| Untracked 
| 543|0x00000000a1f00000, 0x00000000a1f00000, 0x00000000a2000000|  0%| F|  |TAMS 0x00000000a1f00000| PB 0x00000000a1f00000| Untracked 
| 544|0x00000000a2000000, 0x00000000a2000000, 0x00000000a2100000|  0%| F|  |TAMS 0x00000000a2000000| PB 0x00000000a2000000| Untracked 
| 545|0x00000000a2100000, 0x00000000a2100000, 0x00000000a2200000|  0%| F|  |TAMS 0x00000000a2100000| PB 0x00000000a2100000| Untracked 
| 546|0x00000000a2200000, 0x00000000a2200000, 0x00000000a2300000|  0%| F|  |TAMS 0x00000000a2200000| PB 0x00000000a2200000| Untracked 
| 547|0x00000000a2300000, 0x00000000a2300000, 0x00000000a2400000|  0%| F|  |TAMS 0x00000000a2300000| PB 0x00000000a2300000| Untracked 
| 548|0x00000000a2400000, 0x00000000a2400000, 0x00000000a2500000|  0%| F|  |TAMS 0x00000000a2400000| PB 0x00000000a2400000| Untracked 
| 549|0x00000000a2500000, 0x00000000a2500000, 0x00000000a2600000|  0%| F|  |TAMS 0x00000000a2500000| PB 0x00000000a2500000| Untracked 
| 550|0x00000000a2600000, 0x00000000a2600000, 0x00000000a2700000|  0%| F|  |TAMS 0x00000000a2600000| PB 0x00000000a2600000| Untracked 
| 551|0x00000000a2700000, 0x00000000a2700000, 0x00000000a2800000|  0%| F|  |TAMS 0x00000000a2700000| PB 0x00000000a2700000| Untracked 
| 552|0x00000000a2800000, 0x00000000a2800000, 0x00000000a2900000|  0%| F|  |TAMS 0x00000000a2800000| PB 0x00000000a2800000| Untracked 
| 553|0x00000000a2900000, 0x00000000a2900000, 0x00000000a2a00000|  0%| F|  |TAMS 0x00000000a2900000| PB 0x00000000a2900000| Untracked 
| 554|0x00000000a2a00000, 0x00000000a2a00000, 0x00000000a2b00000|  0%| F|  |TAMS 0x00000000a2a00000| PB 0x00000000a2a00000| Untracked 
| 555|0x00000000a2b00000, 0x00000000a2b00000, 0x00000000a2c00000|  0%| F|  |TAMS 0x00000000a2b00000| PB 0x00000000a2b00000| Untracked 
| 556|0x00000000a2c00000, 0x00000000a2c00000, 0x00000000a2d00000|  0%| F|  |TAMS 0x00000000a2c00000| PB 0x00000000a2c00000| Untracked 
| 557|0x00000000a2d00000, 0x00000000a2d00000, 0x00000000a2e00000|  0%| F|  |TAMS 0x00000000a2d00000| PB 0x00000000a2d00000| Untracked 
| 558|0x00000000a2e00000, 0x00000000a2e00000, 0x00000000a2f00000|  0%| F|  |TAMS 0x00000000a2e00000| PB 0x00000000a2e00000| Untracked 
| 559|0x00000000a2f00000, 0x00000000a2f00000, 0x00000000a3000000|  0%| F|  |TAMS 0x00000000a2f00000| PB 0x00000000a2f00000| Untracked 
| 560|0x00000000a3000000, 0x00000000a3000000, 0x00000000a3100000|  0%| F|  |TAMS 0x00000000a3000000| PB 0x00000000a3000000| Untracked 
| 561|0x00000000a3100000, 0x00000000a3100000, 0x00000000a3200000|  0%| F|  |TAMS 0x00000000a3100000| PB 0x00000000a3100000| Untracked 
| 562|0x00000000a3200000, 0x00000000a3200000, 0x00000000a3300000|  0%| F|  |TAMS 0x00000000a3200000| PB 0x00000000a3200000| Untracked 
| 563|0x00000000a3300000, 0x00000000a3300000, 0x00000000a3400000|  0%| F|  |TAMS 0x00000000a3300000| PB 0x00000000a3300000| Untracked 
| 564|0x00000000a3400000, 0x00000000a3400000, 0x00000000a3500000|  0%| F|  |TAMS 0x00000000a3400000| PB 0x00000000a3400000| Untracked 
| 565|0x00000000a3500000, 0x00000000a3500000, 0x00000000a3600000|  0%| F|  |TAMS 0x00000000a3500000| PB 0x00000000a3500000| Untracked 
| 566|0x00000000a3600000, 0x00000000a3600000, 0x00000000a3700000|  0%| F|  |TAMS 0x00000000a3600000| PB 0x00000000a3600000| Untracked 
| 567|0x00000000a3700000, 0x00000000a3700000, 0x00000000a3800000|  0%| F|  |TAMS 0x00000000a3700000| PB 0x00000000a3700000| Untracked 
| 568|0x00000000a3800000, 0x00000000a3800000, 0x00000000a3900000|  0%| F|  |TAMS 0x00000000a3800000| PB 0x00000000a3800000| Untracked 
| 569|0x00000000a3900000, 0x00000000a3900000, 0x00000000a3a00000|  0%| F|  |TAMS 0x00000000a3900000| PB 0x00000000a3900000| Untracked 
| 570|0x00000000a3a00000, 0x00000000a3a00000, 0x00000000a3b00000|  0%| F|  |TAMS 0x00000000a3a00000| PB 0x00000000a3a00000| Untracked 
| 571|0x00000000a3b00000, 0x00000000a3b00000, 0x00000000a3c00000|  0%| F|  |TAMS 0x00000000a3b00000| PB 0x00000000a3b00000| Untracked 
| 572|0x00000000a3c00000, 0x00000000a3c00000, 0x00000000a3d00000|  0%| F|  |TAMS 0x00000000a3c00000| PB 0x00000000a3c00000| Untracked 
| 573|0x00000000a3d00000, 0x00000000a3d00000, 0x00000000a3e00000|  0%| F|  |TAMS 0x00000000a3d00000| PB 0x00000000a3d00000| Untracked 
| 574|0x00000000a3e00000, 0x00000000a3e00000, 0x00000000a3f00000|  0%| F|  |TAMS 0x00000000a3e00000| PB 0x00000000a3e00000| Untracked 
| 575|0x00000000a3f00000, 0x00000000a3f00000, 0x00000000a4000000|  0%| F|  |TAMS 0x00000000a3f00000| PB 0x00000000a3f00000| Untracked 
| 576|0x00000000a4000000, 0x00000000a4000000, 0x00000000a4100000|  0%| F|  |TAMS 0x00000000a4000000| PB 0x00000000a4000000| Untracked 
| 577|0x00000000a4100000, 0x00000000a4100000, 0x00000000a4200000|  0%| F|  |TAMS 0x00000000a4100000| PB 0x00000000a4100000| Untracked 
| 578|0x00000000a4200000, 0x00000000a4200000, 0x00000000a4300000|  0%| F|  |TAMS 0x00000000a4200000| PB 0x00000000a4200000| Untracked 
| 579|0x00000000a4300000, 0x00000000a4300000, 0x00000000a4400000|  0%| F|  |TAMS 0x00000000a4300000| PB 0x00000000a4300000| Untracked 
| 580|0x00000000a4400000, 0x00000000a4400000, 0x00000000a4500000|  0%| F|  |TAMS 0x00000000a4400000| PB 0x00000000a4400000| Untracked 
| 581|0x00000000a4500000, 0x00000000a4500000, 0x00000000a4600000|  0%| F|  |TAMS 0x00000000a4500000| PB 0x00000000a4500000| Untracked 
| 582|0x00000000a4600000, 0x00000000a4600000, 0x00000000a4700000|  0%| F|  |TAMS 0x00000000a4600000| PB 0x00000000a4600000| Untracked 
| 583|0x00000000a4700000, 0x00000000a4700000, 0x00000000a4800000|  0%| F|  |TAMS 0x00000000a4700000| PB 0x00000000a4700000| Untracked 
| 584|0x00000000a4800000, 0x00000000a4800000, 0x00000000a4900000|  0%| F|  |TAMS 0x00000000a4800000| PB 0x00000000a4800000| Untracked 
| 585|0x00000000a4900000, 0x00000000a4900000, 0x00000000a4a00000|  0%| F|  |TAMS 0x00000000a4900000| PB 0x00000000a4900000| Untracked 
| 586|0x00000000a4a00000, 0x00000000a4a00000, 0x00000000a4b00000|  0%| F|  |TAMS 0x00000000a4a00000| PB 0x00000000a4a00000| Untracked 
| 587|0x00000000a4b00000, 0x00000000a4b80000, 0x00000000a4c00000| 50%| E|  |TAMS 0x00000000a4b00000| PB 0x00000000a4b00000| Complete 
| 588|0x00000000a4c00000, 0x00000000a4d00000, 0x00000000a4d00000|100%| E|CS|TAMS 0x00000000a4c00000| PB 0x00000000a4c00000| Complete 
| 589|0x00000000a4d00000, 0x00000000a4e00000, 0x00000000a4e00000|100%| E|CS|TAMS 0x00000000a4d00000| PB 0x00000000a4d00000| Complete 
| 590|0x00000000a4e00000, 0x00000000a4f00000, 0x00000000a4f00000|100%| E|CS|TAMS 0x00000000a4e00000| PB 0x00000000a4e00000| Complete 
| 591|0x00000000a4f00000, 0x00000000a5000000, 0x00000000a5000000|100%| E|CS|TAMS 0x00000000a4f00000| PB 0x00000000a4f00000| Complete 
| 592|0x00000000a5000000, 0x00000000a5100000, 0x00000000a5100000|100%| E|CS|TAMS 0x00000000a5000000| PB 0x00000000a5000000| Complete 
| 593|0x00000000a5100000, 0x00000000a5200000, 0x00000000a5200000|100%| E|CS|TAMS 0x00000000a5100000| PB 0x00000000a5100000| Complete 
| 594|0x00000000a5200000, 0x00000000a5300000, 0x00000000a5300000|100%| E|CS|TAMS 0x00000000a5200000| PB 0x00000000a5200000| Complete 
| 595|0x00000000a5300000, 0x00000000a5400000, 0x00000000a5400000|100%| E|CS|TAMS 0x00000000a5300000| PB 0x00000000a5300000| Complete 
| 596|0x00000000a5400000, 0x00000000a5500000, 0x00000000a5500000|100%| E|CS|TAMS 0x00000000a5400000| PB 0x00000000a5400000| Complete 
| 597|0x00000000a5500000, 0x00000000a5600000, 0x00000000a5600000|100%| E|CS|TAMS 0x00000000a5500000| PB 0x00000000a5500000| Complete 
| 598|0x00000000a5600000, 0x00000000a5700000, 0x00000000a5700000|100%| E|CS|TAMS 0x00000000a5600000| PB 0x00000000a5600000| Complete 
| 599|0x00000000a5700000, 0x00000000a5800000, 0x00000000a5800000|100%| E|CS|TAMS 0x00000000a5700000| PB 0x00000000a5700000| Complete 
| 600|0x00000000a5800000, 0x00000000a5900000, 0x00000000a5900000|100%| E|CS|TAMS 0x00000000a5800000| PB 0x00000000a5800000| Complete 
| 601|0x00000000a5900000, 0x00000000a5a00000, 0x00000000a5a00000|100%| E|CS|TAMS 0x00000000a5900000| PB 0x00000000a5900000| Complete 
| 602|0x00000000a5a00000, 0x00000000a5b00000, 0x00000000a5b00000|100%| E|CS|TAMS 0x00000000a5a00000| PB 0x00000000a5a00000| Complete 
| 603|0x00000000a5b00000, 0x00000000a5c00000, 0x00000000a5c00000|100%| E|CS|TAMS 0x00000000a5b00000| PB 0x00000000a5b00000| Complete 
| 604|0x00000000a5c00000, 0x00000000a5d00000, 0x00000000a5d00000|100%| E|CS|TAMS 0x00000000a5c00000| PB 0x00000000a5c00000| Complete 
| 605|0x00000000a5d00000, 0x00000000a5e00000, 0x00000000a5e00000|100%| E|CS|TAMS 0x00000000a5d00000| PB 0x00000000a5d00000| Complete 
| 606|0x00000000a5e00000, 0x00000000a5f00000, 0x00000000a5f00000|100%| E|CS|TAMS 0x00000000a5e00000| PB 0x00000000a5e00000| Complete 
| 607|0x00000000a5f00000, 0x00000000a6000000, 0x00000000a6000000|100%| E|CS|TAMS 0x00000000a5f00000| PB 0x00000000a5f00000| Complete 
| 608|0x00000000a6000000, 0x00000000a6100000, 0x00000000a6100000|100%| E|CS|TAMS 0x00000000a6000000| PB 0x00000000a6000000| Complete 
| 609|0x00000000a6100000, 0x00000000a6200000, 0x00000000a6200000|100%| E|CS|TAMS 0x00000000a6100000| PB 0x00000000a6100000| Complete 
| 610|0x00000000a6200000, 0x00000000a6300000, 0x00000000a6300000|100%| E|CS|TAMS 0x00000000a6200000| PB 0x00000000a6200000| Complete 
| 611|0x00000000a6300000, 0x00000000a6400000, 0x00000000a6400000|100%| E|CS|TAMS 0x00000000a6300000| PB 0x00000000a6300000| Complete 
| 612|0x00000000a6400000, 0x00000000a6500000, 0x00000000a6500000|100%| E|CS|TAMS 0x00000000a6400000| PB 0x00000000a6400000| Complete 
| 613|0x00000000a6500000, 0x00000000a6600000, 0x00000000a6600000|100%| E|CS|TAMS 0x00000000a6500000| PB 0x00000000a6500000| Complete 
| 614|0x00000000a6600000, 0x00000000a6700000, 0x00000000a6700000|100%| E|CS|TAMS 0x00000000a6600000| PB 0x00000000a6600000| Complete 
| 615|0x00000000a6700000, 0x00000000a6800000, 0x00000000a6800000|100%| E|CS|TAMS 0x00000000a6700000| PB 0x00000000a6700000| Complete 
| 616|0x00000000a6800000, 0x00000000a6900000, 0x00000000a6900000|100%| E|CS|TAMS 0x00000000a6800000| PB 0x00000000a6800000| Complete 
| 617|0x00000000a6900000, 0x00000000a6a00000, 0x00000000a6a00000|100%| E|CS|TAMS 0x00000000a6900000| PB 0x00000000a6900000| Complete 
| 618|0x00000000a6a00000, 0x00000000a6b00000, 0x00000000a6b00000|100%| E|CS|TAMS 0x00000000a6a00000| PB 0x00000000a6a00000| Complete 
| 619|0x00000000a6b00000, 0x00000000a6c00000, 0x00000000a6c00000|100%| E|CS|TAMS 0x00000000a6b00000| PB 0x00000000a6b00000| Complete 
| 620|0x00000000a6c00000, 0x00000000a6d00000, 0x00000000a6d00000|100%| E|CS|TAMS 0x00000000a6c00000| PB 0x00000000a6c00000| Complete 
| 621|0x00000000a6d00000, 0x00000000a6e00000, 0x00000000a6e00000|100%| E|CS|TAMS 0x00000000a6d00000| PB 0x00000000a6d00000| Complete 
| 622|0x00000000a6e00000, 0x00000000a6f00000, 0x00000000a6f00000|100%| E|CS|TAMS 0x00000000a6e00000| PB 0x00000000a6e00000| Complete 
| 623|0x00000000a6f00000, 0x00000000a7000000, 0x00000000a7000000|100%| E|CS|TAMS 0x00000000a6f00000| PB 0x00000000a6f00000| Complete 
| 624|0x00000000a7000000, 0x00000000a7100000, 0x00000000a7100000|100%| E|CS|TAMS 0x00000000a7000000| PB 0x00000000a7000000| Complete 
| 625|0x00000000a7100000, 0x00000000a7200000, 0x00000000a7200000|100%| E|CS|TAMS 0x00000000a7100000| PB 0x00000000a7100000| Complete 
| 626|0x00000000a7200000, 0x00000000a7300000, 0x00000000a7300000|100%| E|CS|TAMS 0x00000000a7200000| PB 0x00000000a7200000| Complete 
| 627|0x00000000a7300000, 0x00000000a7400000, 0x00000000a7400000|100%| E|CS|TAMS 0x00000000a7300000| PB 0x00000000a7300000| Complete 
| 628|0x00000000a7400000, 0x00000000a7500000, 0x00000000a7500000|100%| E|CS|TAMS 0x00000000a7400000| PB 0x00000000a7400000| Complete 
| 629|0x00000000a7500000, 0x00000000a7600000, 0x00000000a7600000|100%| E|CS|TAMS 0x00000000a7500000| PB 0x00000000a7500000| Complete 
| 630|0x00000000a7600000, 0x00000000a7700000, 0x00000000a7700000|100%| E|CS|TAMS 0x00000000a7600000| PB 0x00000000a7600000| Complete 
| 631|0x00000000a7700000, 0x00000000a7800000, 0x00000000a7800000|100%| E|CS|TAMS 0x00000000a7700000| PB 0x00000000a7700000| Complete 
| 632|0x00000000a7800000, 0x00000000a7900000, 0x00000000a7900000|100%| E|CS|TAMS 0x00000000a7800000| PB 0x00000000a7800000| Complete 
| 633|0x00000000a7900000, 0x00000000a7a00000, 0x00000000a7a00000|100%| E|CS|TAMS 0x00000000a7900000| PB 0x00000000a7900000| Complete 
| 634|0x00000000a7a00000, 0x00000000a7b00000, 0x00000000a7b00000|100%| E|CS|TAMS 0x00000000a7a00000| PB 0x00000000a7a00000| Complete 
| 635|0x00000000a7b00000, 0x00000000a7c00000, 0x00000000a7c00000|100%| E|CS|TAMS 0x00000000a7b00000| PB 0x00000000a7b00000| Complete 
| 636|0x00000000a7c00000, 0x00000000a7d00000, 0x00000000a7d00000|100%| E|CS|TAMS 0x00000000a7c00000| PB 0x00000000a7c00000| Complete 
|2028|0x00000000fec00000, 0x00000000fed00000, 0x00000000fed00000|100%| O|  |TAMS 0x00000000fed00000| PB 0x00000000fec00000| Untracked 
|2029|0x00000000fed00000, 0x00000000fee00000, 0x00000000fee00000|100%| E|CS|TAMS 0x00000000fed00000| PB 0x00000000fed00000| Complete 
|2030|0x00000000fee00000, 0x00000000fef00000, 0x00000000fef00000|100%| E|CS|TAMS 0x00000000fee00000| PB 0x00000000fee00000| Complete 
|2031|0x00000000fef00000, 0x00000000ff000000, 0x00000000ff000000|100%| O|  |TAMS 0x00000000ff000000| PB 0x00000000fef00000| Untracked 
|2032|0x00000000ff000000, 0x00000000ff100000, 0x00000000ff100000|100%| O|  |TAMS 0x00000000ff100000| PB 0x00000000ff000000| Untracked 
|2033|0x00000000ff100000, 0x00000000ff200000, 0x00000000ff200000|100%| O|  |TAMS 0x00000000ff200000| PB 0x00000000ff100000| Untracked 
|2034|0x00000000ff200000, 0x00000000ff300000, 0x00000000ff300000|100%| O|  |TAMS 0x00000000ff300000| PB 0x00000000ff200000| Untracked 
|2035|0x00000000ff300000, 0x00000000ff400000, 0x00000000ff400000|100%| O|  |TAMS 0x00000000ff400000| PB 0x00000000ff300000| Untracked 
|2036|0x00000000ff400000, 0x00000000ff500000, 0x00000000ff500000|100%| E|CS|TAMS 0x00000000ff400000| PB 0x00000000ff400000| Complete 
|2037|0x00000000ff500000, 0x00000000ff600000, 0x00000000ff600000|100%| E|CS|TAMS 0x00000000ff500000| PB 0x00000000ff500000| Complete 
|2038|0x00000000ff600000, 0x00000000ff700000, 0x00000000ff700000|100%| O|  |TAMS 0x00000000ff700000| PB 0x00000000ff600000| Untracked 
|2039|0x00000000ff700000, 0x00000000ff800000, 0x00000000ff800000|100%| O|  |TAMS 0x00000000ff800000| PB 0x00000000ff700000| Untracked 
|2040|0x00000000ff800000, 0x00000000ff900000, 0x00000000ff900000|100%| O|  |TAMS 0x00000000ff900000| PB 0x00000000ff800000| Untracked 
|2041|0x00000000ff900000, 0x00000000ffa00000, 0x00000000ffa00000|100%| E|CS|TAMS 0x00000000ff900000| PB 0x00000000ff900000| Complete 
|2042|0x00000000ffa00000, 0x00000000ffb00000, 0x00000000ffb00000|100%| O|  |TAMS 0x00000000ffb00000| PB 0x00000000ffa00000| Untracked 
|2043|0x00000000ffb00000, 0x00000000ffc00000, 0x00000000ffc00000|100%| O|  |TAMS 0x00000000ffc00000| PB 0x00000000ffb00000| Untracked 
|2044|0x00000000ffc00000, 0x00000000ffd00000, 0x00000000ffd00000|100%| O|  |TAMS 0x00000000ffd00000| PB 0x00000000ffc00000| Untracked 
|2045|0x00000000ffd00000, 0x00000000ffe00000, 0x00000000ffe00000|100%| O|  |TAMS 0x00000000ffe00000| PB 0x00000000ffd00000| Untracked 
|2046|0x00000000ffe00000, 0x00000000fff00000, 0x00000000fff00000|100%| O|  |TAMS 0x00000000fff00000| PB 0x00000000ffe00000| Untracked 
|2047|0x00000000fff00000, 0x0000000100000000, 0x0000000100000000|100%| O|  |TAMS 0x0000000100000000| PB 0x00000000fff00000| Untracked 

Card table byte_map: [0x00000253dd740000,0x00000253ddb40000] _byte_map_base: 0x00000253dd340000

Marking Bits: (CMBitMap*) 0x00000253c594ade0
 Bits: [0x00000253ddb40000, 0x00000253dfb40000)

Polling page: 0x00000253c3720000

Metaspace:

Usage:
  Non-class:    108.14 MB used.
      Class:     17.76 MB used.
       Both:    125.90 MB used.

Virtual space:
  Non-class space:      128.00 MB reserved,     109.75 MB ( 86%) committed,  2 nodes.
      Class space:        1.00 GB reserved,      19.25 MB (  2%) committed,  1 nodes.
             Both:        1.12 GB reserved,     129.00 MB ( 11%) committed. 

Chunk freelists:
   Non-Class:  1.75 MB
       Class:  12.62 MB
        Both:  14.37 MB

MaxMetaspaceSize: unlimited
CompressedClassSpaceSize: 1.00 GB
Initial GC threshold: 21.00 MB
Current GC threshold: 211.81 MB
CDS: on
 - commit_granule_bytes: 65536.
 - commit_granule_words: 8192.
 - virtual_space_node_default_size: 8388608.
 - enlarge_chunks_in_place: 1.
 - use_allocation_guard: 0.


Internal statistics:

num_allocs_failed_limit: 9.
num_arena_births: 5322.
num_arena_deaths: 0.
num_vsnodes_births: 3.
num_vsnodes_deaths: 0.
num_space_committed: 2064.
num_space_uncommitted: 0.
num_chunks_returned_to_freelist: 9.
num_chunks_taken_from_freelist: 11661.
num_chunk_merges: 9.
num_chunk_splits: 7569.
num_chunks_enlarged: 4772.
num_inconsistent_stats: 0.

CodeHeap 'non-profiled nmethods': size=120000Kb used=18417Kb max_used=18417Kb free=101582Kb
 bounds [0x00000253d5ae0000, 0x00000253d6ce0000, 0x00000253dd010000]
CodeHeap 'profiled nmethods': size=120000Kb used=38656Kb max_used=38656Kb free=81343Kb
 bounds [0x00000253ce010000, 0x00000253d05e0000, 0x00000253d5540000]
CodeHeap 'non-nmethods': size=5760Kb used=2100Kb max_used=2217Kb free=3660Kb
 bounds [0x00000253d5540000, 0x00000253d57b0000, 0x00000253d5ae0000]
CodeCache: size=245760Kb, used=59173Kb, max_used=59290Kb, free=186585Kb
 total_blobs=21195, nmethods=20249, adapters=849, full_count=0
Compilation: enabled, stopped_count=0, restarted_count=0

Compilation events (20 events):
Event: 526.078 Thread 0x00000253e25d5f30 24187       3       org.jetbrains.kotlin.gradle.plugin.AndroidProjectHandler::getFlavorNames (118 bytes)
Event: 526.080 Thread 0x00000253e25d5f30 nmethod 24187 0x00000253d05c4490 code [0x00000253d05c4840, 0x00000253d05c61a0]
Event: 526.080 Thread 0x00000253e25d5f30 24188       3       org.jetbrains.kotlin.gradle.utils.StringUtilsKt::dashSeparatedName (177 bytes)
Event: 526.081 Thread 0x00000253e25d5f30 nmethod 24188 0x00000253d05c6a90 code [0x00000253d05c6d60, 0x00000253d05c7cf0]
Event: 526.081 Thread 0x00000253e25d5f30 24189       3       org.jetbrains.kotlin.gradle.plugin.mpp.KotlinAndroidTarget::createAndroidUsageContexts$filterOutAndroidVariantAttributes (40 bytes)
Event: 526.082 Thread 0x00000253e25d5f30 nmethod 24189 0x00000253d05c8410 code [0x00000253d05c86e0, 0x00000253d05c94e8]
Event: 526.082 Thread 0x00000253e25d5f30 24190       3       com.android.build.gradle.internal.api.ReadOnlyObjectProvider::getBuildType (42 bytes)
Event: 526.083 Thread 0x00000253e25d5f30 nmethod 24190 0x00000253d05c9a10 code [0x00000253d05c9c60, 0x00000253d05ca780]
Event: 526.085 Thread 0x00000253e25d5f30 24191       3       com.android.build.api.component.impl.features.AndroidResourcesCreationConfigImpl::getCompiledRClassArtifact (180 bytes)
Event: 526.086 Thread 0x00000253e25c0080 nmethod 24151 0x00000253d6cd7190 code [0x00000253d6cd7660, 0x00000253d6cda5a0]
Event: 526.087 Thread 0x00000253e25c0080 24176       4       org.gradle.api.internal.artifacts.configurations.DefaultConfiguration::<init> (682 bytes)
Event: 526.089 Thread 0x00000253e25d5f30 nmethod 24191 0x00000253d05cab10 code [0x00000253d05cb080, 0x00000253d05cd6d8]
Event: 526.093 Thread 0x00000253e25d5f30 24192       3       org.jetbrains.kotlin.gradle.plugin.mpp.DefaultKotlinUsageContext::getName (5 bytes)
Event: 526.093 Thread 0x00000253e25d5f30 nmethod 24192 0x00000253d05ce510 code [0x00000253d05ce6a0, 0x00000253d05ce7c0]
Event: 526.093 Thread 0x00000253e25d5f30 24193       3       org.jetbrains.kotlin.gradle.plugin.mpp.KotlinTargetSoftwareComponentImplKt::publishedConfigurationName (27 bytes)
Event: 526.093 Thread 0x00000253e25d5f30 nmethod 24193 0x00000253d05ce890 code [0x00000253d05ceb20, 0x00000253d05cf470]
Event: 526.094 Thread 0x00000253e25d5f30 24194       3       org.jetbrains.kotlin.gradle.plugin.mpp.KotlinTargetSoftwareComponentImplKt$KotlinTargetSoftwareComponent$1$1$configuration$1::invoke (12 bytes)
Event: 526.094 Thread 0x00000253e25d5f30 nmethod 24194 0x00000253d05cf810 code [0x00000253d05cf9c0, 0x00000253d05cfc10]
Event: 526.094 Thread 0x00000253e25d5f30 24195       3       org.jetbrains.kotlin.gradle.plugin.mpp.KotlinTargetSoftwareComponentImplKt$KotlinTargetSoftwareComponent$1$1$1::<init> (10 bytes)
Event: 526.094 Thread 0x00000253e25d5f30 nmethod 24195 0x00000253d05cfd10 code [0x00000253d05cfec0, 0x00000253d05d0088]

GC Heap History (20 events):
Event: 62.948 GC heap before
{Heap before GC invocations=77 (full 0):
 garbage-first heap   total 491520K, used 336653K [0x0000000080000000, 0x0000000100000000)
  region size 1024K, 47 young (48128K), 15 survivors (15360K)
 Metaspace       used 111182K, committed 114048K, reserved 1179648K
  class space    used 15862K, committed 17216K, reserved 1048576K
}
Event: 62.965 GC heap after
{Heap after GC invocations=78 (full 0):
 garbage-first heap   total 491520K, used 307560K [0x0000000080000000, 0x0000000100000000)
  region size 1024K, 9 young (9216K), 9 survivors (9216K)
 Metaspace       used 111182K, committed 114048K, reserved 1179648K
  class space    used 15862K, committed 17216K, reserved 1048576K
}
Event: 64.574 GC heap before
{Heap before GC invocations=79 (full 0):
 garbage-first heap   total 522240K, used 465256K [0x0000000080000000, 0x0000000100000000)
  region size 1024K, 158 young (161792K), 9 survivors (9216K)
 Metaspace       used 111491K, committed 114432K, reserved 1179648K
  class space    used 15909K, committed 17280K, reserved 1048576K
}
Event: 64.591 GC heap after
{Heap after GC invocations=80 (full 0):
 garbage-first heap   total 522240K, used 323584K [0x0000000080000000, 0x0000000100000000)
  region size 1024K, 20 young (20480K), 20 survivors (20480K)
 Metaspace       used 111491K, committed 114432K, reserved 1179648K
  class space    used 15909K, committed 17280K, reserved 1048576K
}
Event: 65.831 GC heap before
{Heap before GC invocations=80 (full 0):
 garbage-first heap   total 522240K, used 480256K [0x0000000080000000, 0x0000000100000000)
  region size 1024K, 174 young (178176K), 20 survivors (20480K)
 Metaspace       used 111675K, committed 114624K, reserved 1179648K
  class space    used 15936K, committed 17344K, reserved 1048576K
}
Event: 65.864 GC heap after
{Heap after GC invocations=81 (full 0):
 garbage-first heap   total 522240K, used 331077K [0x0000000080000000, 0x0000000100000000)
  region size 1024K, 12 young (12288K), 12 survivors (12288K)
 Metaspace       used 111675K, committed 114624K, reserved 1179648K
  class space    used 15936K, committed 17344K, reserved 1048576K
}
Event: 66.084 GC heap before
{Heap before GC invocations=81 (full 0):
 garbage-first heap   total 522240K, used 351557K [0x0000000080000000, 0x0000000100000000)
  region size 1024K, 34 young (34816K), 12 survivors (12288K)
 Metaspace       used 111758K, committed 114688K, reserved 1179648K
  class space    used 15951K, committed 17344K, reserved 1048576K
}
Event: 66.095 GC heap after
{Heap after GC invocations=82 (full 0):
 garbage-first heap   total 522240K, used 333183K [0x0000000080000000, 0x0000000100000000)
  region size 1024K, 4 young (4096K), 4 survivors (4096K)
 Metaspace       used 111758K, committed 114688K, reserved 1179648K
  class space    used 15951K, committed 17344K, reserved 1048576K
}
Event: 68.549 GC heap before
{Heap before GC invocations=83 (full 0):
 garbage-first heap   total 565248K, used 492927K [0x0000000080000000, 0x0000000100000000)
  region size 1024K, 155 young (158720K), 4 survivors (4096K)
 Metaspace       used 118602K, committed 121600K, reserved 1179648K
  class space    used 16886K, committed 18304K, reserved 1048576K
}
Event: 68.570 GC heap after
{Heap after GC invocations=84 (full 0):
 garbage-first heap   total 565248K, used 355852K [0x0000000080000000, 0x0000000100000000)
  region size 1024K, 20 young (20480K), 20 survivors (20480K)
 Metaspace       used 118602K, committed 121600K, reserved 1179648K
  class space    used 16886K, committed 18304K, reserved 1048576K
}
Event: 71.144 GC heap before
{Heap before GC invocations=84 (full 0):
 garbage-first heap   total 565248K, used 518668K [0x0000000080000000, 0x0000000100000000)
  region size 1024K, 177 young (181248K), 20 survivors (20480K)
 Metaspace       used 122438K, committed 125504K, reserved 1179648K
  class space    used 17392K, committed 18816K, reserved 1048576K
}
Event: 71.190 GC heap after
{Heap after GC invocations=85 (full 0):
 garbage-first heap   total 573440K, used 383336K [0x0000000080000000, 0x0000000100000000)
  region size 1024K, 23 young (23552K), 23 survivors (23552K)
 Metaspace       used 122438K, committed 125504K, reserved 1179648K
  class space    used 17392K, committed 18816K, reserved 1048576K
}
Event: 74.035 GC heap before
{Heap before GC invocations=85 (full 0):
 garbage-first heap   total 573440K, used 524648K [0x0000000080000000, 0x0000000100000000)
  region size 1024K, 162 young (165888K), 23 survivors (23552K)
 Metaspace       used 126965K, committed 130112K, reserved 1179648K
  class space    used 17930K, committed 19392K, reserved 1048576K
}
Event: 74.084 GC heap after
{Heap after GC invocations=86 (full 0):
 garbage-first heap   total 573440K, used 403456K [0x0000000080000000, 0x0000000100000000)
  region size 1024K, 18 young (18432K), 18 survivors (18432K)
 Metaspace       used 126965K, committed 130112K, reserved 1179648K
  class space    used 17930K, committed 19392K, reserved 1048576K
}
Event: 76.371 GC heap before
{Heap before GC invocations=87 (full 0):
 garbage-first heap   total 672768K, used 535552K [0x0000000080000000, 0x0000000100000000)
  region size 1024K, 142 young (145408K), 18 survivors (18432K)
 Metaspace       used 127149K, committed 130304K, reserved 1179648K
  class space    used 17966K, committed 19456K, reserved 1048576K
}
Event: 76.399 GC heap after
{Heap after GC invocations=88 (full 0):
 garbage-first heap   total 672768K, used 412000K [0x0000000080000000, 0x0000000100000000)
  region size 1024K, 11 young (11264K), 11 survivors (11264K)
 Metaspace       used 127149K, committed 130304K, reserved 1179648K
  class space    used 17966K, committed 19456K, reserved 1048576K
}
Event: 522.576 GC heap before
{Heap before GC invocations=88 (full 0):
 garbage-first heap   total 672768K, used 605536K [0x0000000080000000, 0x0000000100000000)
  region size 1024K, 201 young (205824K), 11 survivors (11264K)
 Metaspace       used 128573K, committed 131648K, reserved 1179648K
  class space    used 18178K, committed 19648K, reserved 1048576K
}
Event: 522.591 GC heap after
{Heap after GC invocations=89 (full 0):
 garbage-first heap   total 672768K, used 411941K [0x0000000080000000, 0x0000000100000000)
  region size 1024K, 14 young (14336K), 14 survivors (14336K)
 Metaspace       used 128573K, committed 131648K, reserved 1179648K
  class space    used 18178K, committed 19648K, reserved 1048576K
}
Event: 525.523 GC heap before
{Heap before GC invocations=89 (full 0):
 garbage-first heap   total 672768K, used 621861K [0x0000000080000000, 0x0000000100000000)
  region size 1024K, 220 young (225280K), 14 survivors (14336K)
 Metaspace       used 128823K, committed 131968K, reserved 1179648K
  class space    used 18181K, committed 19648K, reserved 1048576K
}
Event: 525.552 GC heap after
{Heap after GC invocations=90 (full 0):
 garbage-first heap   total 672768K, used 438272K [0x0000000080000000, 0x0000000100000000)
  region size 1024K, 28 young (28672K), 28 survivors (28672K)
 Metaspace       used 128823K, committed 131968K, reserved 1179648K
  class space    used 18181K, committed 19648K, reserved 1048576K
}

Dll operation events (20 events):
Event: 0.111 Attempting to load shared library C:\Program Files\Eclipse Adoptium\jdk-21.0.12.101-hotspot\bin\nio.dll
Event: 0.111 Loaded shared library C:\Program Files\Eclipse Adoptium\jdk-21.0.12.101-hotspot\bin\nio.dll
Event: 0.116 Attempting to load shared library C:\Program Files\Eclipse Adoptium\jdk-21.0.12.101-hotspot\bin\zip.dll
Event: 0.116 Loaded shared library C:\Program Files\Eclipse Adoptium\jdk-21.0.12.101-hotspot\bin\zip.dll
Event: 0.436 Attempting to load shared library C:\Program Files\Eclipse Adoptium\jdk-21.0.12.101-hotspot\bin\jimage.dll
Event: 0.436 Loaded shared library C:\Program Files\Eclipse Adoptium\jdk-21.0.12.101-hotspot\bin\jimage.dll
Event: 1.049 Attempting to load shared library C:\Program Files\Eclipse Adoptium\jdk-21.0.12.101-hotspot\bin\verify.dll
Event: 1.050 Loaded shared library C:\Program Files\Eclipse Adoptium\jdk-21.0.12.101-hotspot\bin\verify.dll
Event: 1.129 Attempting to load shared library C:\Users\celjo\.gradle\native\1def1411415f61bf3af743bc5b6707747c0891f09f0c88961ee8f79bc544acac\windows-amd64\native-platform.dll
Event: 1.130 Loaded shared library C:\Users\celjo\.gradle\native\1def1411415f61bf3af743bc5b6707747c0891f09f0c88961ee8f79bc544acac\windows-amd64\native-platform.dll
Event: 1.154 Attempting to load shared library C:\Users\celjo\.gradle\native\0.2.8\x86_64-windows-gnu\gradle-fileevents.dll
Event: 1.169 Loaded shared library C:\Users\celjo\.gradle\native\0.2.8\x86_64-windows-gnu\gradle-fileevents.dll
Event: 3.187 Attempting to load shared library C:\Program Files\Eclipse Adoptium\jdk-21.0.12.101-hotspot\bin\management.dll
Event: 3.187 Loaded shared library C:\Program Files\Eclipse Adoptium\jdk-21.0.12.101-hotspot\bin\management.dll
Event: 3.190 Attempting to load shared library C:\Program Files\Eclipse Adoptium\jdk-21.0.12.101-hotspot\bin\management_ext.dll
Event: 3.190 Loaded shared library C:\Program Files\Eclipse Adoptium\jdk-21.0.12.101-hotspot\bin\management_ext.dll
Event: 3.358 Attempting to load shared library C:\Program Files\Eclipse Adoptium\jdk-21.0.12.101-hotspot\bin\extnet.dll
Event: 3.358 Loaded shared library C:\Program Files\Eclipse Adoptium\jdk-21.0.12.101-hotspot\bin\extnet.dll
Event: 3.648 Attempting to load shared library C:\Program Files\Eclipse Adoptium\jdk-21.0.12.101-hotspot\bin\sunmscapi.dll
Event: 3.651 Loaded shared library C:\Program Files\Eclipse Adoptium\jdk-21.0.12.101-hotspot\bin\sunmscapi.dll

Deoptimization events (20 events):
Event: 523.544 Thread 0x00000253ee826110 Uncommon trap: trap_request=0xffffffc6 fr.pc=0x00000253d67a39c4 relative=0x0000000000000244
Event: 523.544 Thread 0x00000253ee826110 Uncommon trap: reason=bimorphic_or_optimized_type_check action=maybe_recompile pc=0x00000253d67a39c4 method=com.android.build.gradle.internal.tasks.factory.TaskConfigurationActions.postRegisterHook(Lorg/gradle/api/tasks/TaskProvider;)V @ 87 c2
Event: 523.544 Thread 0x00000253ee826110 DEOPT PACKING pc=0x00000253d67a39c4 sp=0x00000089398f62b0
Event: 523.544 Thread 0x00000253ee826110 DEOPT UNPACKING pc=0x00000253d5594422 sp=0x00000089398f6248 mode 2
Event: 523.548 Thread 0x00000253ee826110 Uncommon trap: trap_request=0xffffffc6 fr.pc=0x00000253d67a39c4 relative=0x0000000000000244
Event: 523.548 Thread 0x00000253ee826110 Uncommon trap: reason=bimorphic_or_optimized_type_check action=maybe_recompile pc=0x00000253d67a39c4 method=com.android.build.gradle.internal.tasks.factory.TaskConfigurationActions.postRegisterHook(Lorg/gradle/api/tasks/TaskProvider;)V @ 87 c2
Event: 523.548 Thread 0x00000253ee826110 DEOPT PACKING pc=0x00000253d67a39c4 sp=0x00000089398f62b0
Event: 523.548 Thread 0x00000253ee826110 DEOPT UNPACKING pc=0x00000253d5594422 sp=0x00000089398f6248 mode 2
Event: 523.553 Thread 0x00000253ee826110 Uncommon trap: trap_request=0xffffffc6 fr.pc=0x00000253d67a39c4 relative=0x0000000000000244
Event: 523.553 Thread 0x00000253ee826110 Uncommon trap: reason=bimorphic_or_optimized_type_check action=maybe_recompile pc=0x00000253d67a39c4 method=com.android.build.gradle.internal.tasks.factory.TaskConfigurationActions.postRegisterHook(Lorg/gradle/api/tasks/TaskProvider;)V @ 87 c2
Event: 523.553 Thread 0x00000253ee826110 DEOPT PACKING pc=0x00000253d67a39c4 sp=0x00000089398f62b0
Event: 523.553 Thread 0x00000253ee826110 DEOPT UNPACKING pc=0x00000253d5594422 sp=0x00000089398f6248 mode 2
Event: 523.595 Thread 0x00000253ee826110 Uncommon trap: trap_request=0xffffff45 fr.pc=0x00000253d675f244 relative=0x0000000000000de4
Event: 523.595 Thread 0x00000253ee826110 Uncommon trap: reason=unstable_if action=reinterpret pc=0x00000253d675f244 method=org.gradle.api.internal.DefaultNamedDomainObjectCollection.searchForDomainObject(Ljava/lang/String;)Lorg/gradle/api/NamedDomainObjectProvider; @ 24 c2
Event: 523.595 Thread 0x00000253ee826110 DEOPT PACKING pc=0x00000253d675f244 sp=0x00000089398f5b90
Event: 523.595 Thread 0x00000253ee826110 DEOPT UNPACKING pc=0x00000253d5594422 sp=0x00000089398f5a28 mode 2
Event: 525.277 Thread 0x00000253ee826110 DEOPT PACKING pc=0x00000253cf1a823f sp=0x00000089398f7da0
Event: 525.277 Thread 0x00000253ee826110 DEOPT UNPACKING pc=0x00000253d5594bc2 sp=0x00000089398f7128 mode 0
Event: 525.935 Thread 0x00000253ee826110 DEOPT PACKING pc=0x00000253cea445b3 sp=0x00000089398f8740
Event: 525.935 Thread 0x00000253ee826110 DEOPT UNPACKING pc=0x00000253d5594bc2 sp=0x00000089398f7c00 mode 0

Classes loaded (20 events):
Event: 106.553 Loading class java/lang/invoke/WrongMethodTypeException
Event: 106.554 Loading class java/lang/invoke/WrongMethodTypeException done
Event: 106.655 Loading class sun/reflect/misc/MethodUtil
Event: 106.658 Loading class sun/reflect/misc/MethodUtil done
Event: 106.659 Loading class sun/reflect/misc/MethodUtil$1
Event: 106.659 Loading class sun/reflect/misc/MethodUtil$1 done
Event: 107.974 Loading class java/nio/file/StandardCopyOption
Event: 107.974 Loading class java/nio/file/StandardCopyOption done
Event: 107.975 Loading class sun/nio/fs/WindowsFileCopy
Event: 107.975 Loading class sun/nio/fs/WindowsFileCopy done
Event: 108.200 Loading class java/lang/Throwable$PrintStreamOrWriter
Event: 108.200 Loading class java/lang/Throwable$PrintStreamOrWriter done
Event: 108.223 Loading class java/util/Collections$EmptyListIterator
Event: 108.223 Loading class java/util/Collections$EmptyListIterator done
Event: 108.302 Loading class java/net/UrlDeserializedState
Event: 108.302 Loading class java/net/UrlDeserializedState done
Event: 108.305 Loading class java/util/concurrent/CompletableFuture$AsyncRun
Event: 108.309 Loading class java/util/concurrent/CompletableFuture$AsyncRun done
Event: 522.011 Loading class jdk/internal/math/FormattedFPDecimal
Event: 522.012 Loading class jdk/internal/math/FormattedFPDecimal done

Classes unloaded (0 events):
No events

Classes redefined (0 events):
No events

Internal exceptions (20 events):
Event: 108.302 Thread 0x00000253e868ecb0 Exception <a 'java/lang/NoSuchMethodError'{0x00000000a1067670}: static Lorg/gradle/internal/classloader/VisitableURLClassLoader$Spec;.<clinit>()V> (0x00000000a1067670) 
thrown [s\src\hotspot\share\prims\jni.cpp, line 1111]
Event: 108.312 Thread 0x00000253ee8281e0 Exception <a 'sun/nio/fs/WindowsException'{0x00000000a10aed80}> (0x00000000a10aed80) 
thrown [s\src\hotspot\share\prims\jni.cpp, line 520]
Event: 108.312 Thread 0x00000253ee8281e0 Exception <a 'sun/nio/fs/WindowsException'{0x00000000a10aff90}> (0x00000000a10aff90) 
thrown [s\src\hotspot\share\prims\jni.cpp, line 520]
Event: 522.173 Thread 0x00000253ee826110 Exception <a 'sun/nio/fs/WindowsException'{0x000000009d434480}> (0x000000009d434480) 
thrown [s\src\hotspot\share\prims\jni.cpp, line 520]
Event: 522.174 Thread 0x00000253ee826110 Exception <a 'sun/nio/fs/WindowsException'{0x000000009d435870}> (0x000000009d435870) 
thrown [s\src\hotspot\share\prims\jni.cpp, line 520]
Event: 522.175 Thread 0x00000253ee826110 Exception <a 'sun/nio/fs/WindowsException'{0x000000009d436c50}> (0x000000009d436c50) 
thrown [s\src\hotspot\share\prims\jni.cpp, line 520]
Event: 522.177 Thread 0x00000253ee826110 Exception <a 'sun/nio/fs/WindowsException'{0x000000009d438010}> (0x000000009d438010) 
thrown [s\src\hotspot\share\prims\jni.cpp, line 520]
Event: 522.246 Thread 0x00000253ee826110 Exception <a 'sun/nio/fs/WindowsException'{0x000000009d3141f8}> (0x000000009d3141f8) 
thrown [s\src\hotspot\share\prims\jni.cpp, line 520]
Event: 522.247 Thread 0x00000253ee826110 Exception <a 'sun/nio/fs/WindowsException'{0x000000009d315df8}> (0x000000009d315df8) 
thrown [s\src\hotspot\share\prims\jni.cpp, line 520]
Event: 522.248 Thread 0x00000253ee826110 Exception <a 'sun/nio/fs/WindowsException'{0x000000009d3179e8}> (0x000000009d3179e8) 
thrown [s\src\hotspot\share\prims\jni.cpp, line 520]
Event: 522.249 Thread 0x00000253ee826110 Exception <a 'sun/nio/fs/WindowsException'{0x000000009d3195b8}> (0x000000009d3195b8) 
thrown [s\src\hotspot\share\prims\jni.cpp, line 520]
Event: 522.344 Thread 0x00000253ee826110 Implicit null exception at 0x00000253d69ae660 to 0x00000253d69af31c
Event: 522.863 Thread 0x00000253f471a100 Exception <a 'sun/nio/fs/WindowsException'{0x00000000a6dde9a8}> (0x00000000a6dde9a8) 
thrown [s\src\hotspot\share\prims\jni.cpp, line 520]
Event: 522.863 Thread 0x00000253f471a100 Exception <a 'sun/nio/fs/WindowsException'{0x00000000a6de0760}> (0x00000000a6de0760) 
thrown [s\src\hotspot\share\prims\jni.cpp, line 520]
Event: 522.864 Thread 0x00000253f471a100 Exception <a 'sun/nio/fs/WindowsException'{0x00000000a6de2468}> (0x00000000a6de2468) 
thrown [s\src\hotspot\share\prims\jni.cpp, line 520]
Event: 522.864 Thread 0x00000253f471a100 Exception <a 'sun/nio/fs/WindowsException'{0x00000000a6de3e78}> (0x00000000a6de3e78) 
thrown [s\src\hotspot\share\prims\jni.cpp, line 520]
Event: 522.869 Thread 0x00000253f471a100 Exception <a 'sun/nio/fs/WindowsException'{0x00000000a6df9f48}> (0x00000000a6df9f48) 
thrown [s\src\hotspot\share\prims\jni.cpp, line 520]
Event: 522.869 Thread 0x00000253f471a100 Exception <a 'sun/nio/fs/WindowsException'{0x00000000a6dfbce8}> (0x00000000a6dfbce8) 
thrown [s\src\hotspot\share\prims\jni.cpp, line 520]
Event: 522.869 Thread 0x00000253f471a100 Exception <a 'sun/nio/fs/WindowsException'{0x00000000a6dfd720}> (0x00000000a6dfd720) 
thrown [s\src\hotspot\share\prims\jni.cpp, line 520]
Event: 523.595 Thread 0x00000253ee826110 Implicit null exception at 0x00000253d675e6ba to 0x00000253d675f230

ZGC Phase Switch (0 events):
No events

VM Operations (20 events):
Event: 394.486 Executing safepoint VM operation: Cleanup done
Event: 474.128 Executing safepoint VM operation: Cleanup
Event: 474.128 Executing safepoint VM operation: Cleanup done
Event: 504.394 Executing safepoint VM operation: Cleanup
Event: 504.394 Executing safepoint VM operation: Cleanup done
Event: 522.467 Executing safepoint VM operation: ICBufferFull
Event: 522.467 Executing safepoint VM operation: ICBufferFull done
Event: 522.576 Executing safepoint VM operation: G1CollectForAllocation (G1 Evacuation Pause)
Event: 522.591 Executing safepoint VM operation: G1CollectForAllocation (G1 Evacuation Pause) done
Event: 522.775 Executing safepoint VM operation: ICBufferFull
Event: 522.775 Executing safepoint VM operation: ICBufferFull done
Event: 523.269 Executing safepoint VM operation: ICBufferFull
Event: 523.269 Executing safepoint VM operation: ICBufferFull done
Event: 524.282 Executing safepoint VM operation: Cleanup
Event: 524.283 Executing safepoint VM operation: Cleanup done
Event: 525.293 Executing safepoint VM operation: Cleanup
Event: 525.293 Executing safepoint VM operation: Cleanup done
Event: 525.523 Executing safepoint VM operation: G1CollectForAllocation (G1 Evacuation Pause)
Event: 525.552 Executing safepoint VM operation: G1CollectForAllocation (G1 Evacuation Pause) done
Event: 526.101 Executing safepoint VM operation: G1PauseRemark

Memory protections (0 events):
No events

Nmethod flushes (20 events):
Event: 74.821 Thread 0x00000253e2591b80 flushing  nmethod 0x00000253ce883610
Event: 74.821 Thread 0x00000253e2591b80 flushing  nmethod 0x00000253cea72090
Event: 74.821 Thread 0x00000253e2591b80 flushing  nmethod 0x00000253ceab6790
Event: 74.821 Thread 0x00000253e2591b80 flushing  nmethod 0x00000253cedad810
Event: 74.821 Thread 0x00000253e2591b80 flushing  nmethod 0x00000253cee21490
Event: 74.821 Thread 0x00000253e2591b80 flushing  nmethod 0x00000253cee25910
Event: 74.821 Thread 0x00000253e2591b80 flushing  nmethod 0x00000253cee26710
Event: 74.821 Thread 0x00000253e2591b80 flushing  nmethod 0x00000253cee27b10
Event: 74.821 Thread 0x00000253e2591b80 flushing  nmethod 0x00000253cee29010
Event: 74.821 Thread 0x00000253e2591b80 flushing  nmethod 0x00000253cf212810
Event: 74.821 Thread 0x00000253e2591b80 flushing  nmethod 0x00000253cf3cd890
Event: 74.821 Thread 0x00000253e2591b80 flushing  nmethod 0x00000253cf3d4b10
Event: 74.821 Thread 0x00000253e2591b80 flushing  nmethod 0x00000253cf3d5f10
Event: 74.821 Thread 0x00000253e2591b80 flushing  nmethod 0x00000253cf451510
Event: 74.821 Thread 0x00000253e2591b80 flushing  nmethod 0x00000253cf45fb90
Event: 74.821 Thread 0x00000253e2591b80 flushing  nmethod 0x00000253cf4e8710
Event: 74.821 Thread 0x00000253e2591b80 flushing  nmethod 0x00000253cf5c0990
Event: 74.821 Thread 0x00000253e2591b80 flushing  nmethod 0x00000253cf5ead10
Event: 74.821 Thread 0x00000253e2591b80 flushing  nmethod 0x00000253cf6c8b90
Event: 74.821 Thread 0x00000253e2591b80 flushing  nmethod 0x00000253cf6c9410

Events (20 events):
Event: 524.385 Thread 0x00000253ee826110 Thread added: 0x00000253eba848a0
Event: 524.386 Thread 0x00000253ee826110 Thread added: 0x00000253eba81420
Event: 524.386 Thread 0x00000253ee826110 Thread added: 0x00000253eba84f30
Event: 524.435 Thread 0x00000253ee826110 Thread added: 0x00000253eba81ab0
Event: 524.436 Thread 0x00000253ee826110 Thread added: 0x00000253eba855c0
Event: 524.437 Thread 0x00000253ee826110 Thread added: 0x00000253eba82140
Event: 524.439 Thread 0x00000253ee826110 Thread added: 0x00000253eba827d0
Event: 524.440 Thread 0x00000253ee826110 Thread added: 0x00000253eba862e0
Event: 524.442 Thread 0x00000253ee826110 Thread added: 0x00000253eba85c50
Event: 524.443 Thread 0x00000253ee826110 Thread added: 0x00000253eba86970
Event: 524.824 Thread 0x00000253ee826110 Thread added: 0x00000253eba87000
Event: 524.824 Thread 0x00000253ee826110 Thread added: 0x00000253eba87690
Event: 524.825 Thread 0x00000253ee826110 Thread added: 0x00000253eba883b0
Event: 524.825 Thread 0x00000253ee826110 Thread added: 0x00000253e8cc75e0
Event: 524.825 Thread 0x00000253ee826110 Thread added: 0x00000253e8cc6230
Event: 524.826 Thread 0x00000253ee826110 Thread added: 0x00000253e8cc68c0
Event: 524.826 Thread 0x00000253ee826110 Thread added: 0x00000253e8cc6f50
Event: 524.858 Thread 0x00000253ee826110 Thread added: 0x00000253e8cc7c70
Event: 525.300 Thread 0x00000253f6626800 Thread exited: 0x00000253f6626800
Event: 525.383 Thread 0x00000253e25d5f30 Thread added: 0x00000253f6624cc0


Dynamic libraries:
0x00007ff69e170000 - 0x00007ff69e17e000 	C:\Program Files\Eclipse Adoptium\jdk-21.0.12.101-hotspot\bin\java.exe
0x00007ff9412c0000 - 0x00007ff941526000 	C:\WINDOWS\SYSTEM32\ntdll.dll
0x00007ff9400a0000 - 0x00007ff940169000 	C:\WINDOWS\System32\KERNEL32.DLL
0x00007ff93e850000 - 0x00007ff93ec4f000 	C:\WINDOWS\System32\KERNELBASE.dll
0x00007ff93edd0000 - 0x00007ff93ef1c000 	C:\WINDOWS\System32\ucrtbase.dll
0x00007ff91dbd0000 - 0x00007ff91dbe8000 	C:\Program Files\Eclipse Adoptium\jdk-21.0.12.101-hotspot\bin\jli.dll
0x00007ff91dbb0000 - 0x00007ff91dbce000 	C:\Program Files\Eclipse Adoptium\jdk-21.0.12.101-hotspot\bin\VCRUNTIME140.dll
0x00007ff93eff0000 - 0x00007ff93f1b6000 	C:\WINDOWS\System32\USER32.dll
0x00007ff93d6a0000 - 0x00007ff93d931000 	C:\WINDOWS\WinSxS\amd64_microsoft.windows.common-controls_6595b64144ccf1df_6.0.26100.8972_none_3e0da176e32f9d4b\COMCTL32.dll
0x00007ff93fca0000 - 0x00007ff93fd49000 	C:\WINDOWS\System32\msvcrt.dll
0x00007ff93ec60000 - 0x00007ff93ec87000 	C:\WINDOWS\System32\win32u.dll
0x00007ff93fa90000 - 0x00007ff93fabb000 	C:\WINDOWS\System32\GDI32.dll
0x00007ff93e590000 - 0x00007ff93e6b9000 	C:\WINDOWS\System32\gdi32full.dll
0x00007ff93ec90000 - 0x00007ff93ed33000 	C:\WINDOWS\System32\msvcp_win.dll
0x00007ff9404b0000 - 0x00007ff9404e2000 	C:\WINDOWS\System32\IMM32.DLL
0x00007ff921620000 - 0x00007ff92162c000 	C:\Program Files\Eclipse Adoptium\jdk-21.0.12.101-hotspot\bin\vcruntime140_1.dll
0x00007ff8c4600000 - 0x00007ff8c468d000 	C:\Program Files\Eclipse Adoptium\jdk-21.0.12.101-hotspot\bin\msvcp140.dll
0x00007ff8acc00000 - 0x00007ff8ad9a2000 	C:\Program Files\Eclipse Adoptium\jdk-21.0.12.101-hotspot\bin\server\jvm.dll
0x00007ff9404f0000 - 0x00007ff9405ac000 	C:\WINDOWS\System32\ADVAPI32.dll
0x00007ff940840000 - 0x00007ff9408ea000 	C:\WINDOWS\System32\sechost.dll
0x00007ff940690000 - 0x00007ff9407a8000 	C:\WINDOWS\System32\RPCRT4.dll
0x00007ff93fa00000 - 0x00007ff93fa82000 	C:\WINDOWS\System32\WS2_32.dll
0x00007ff93e350000 - 0x00007ff93e3ae000 	C:\WINDOWS\SYSTEM32\POWRPROF.dll
0x00007ff92fd50000 - 0x00007ff92fd86000 	C:\WINDOWS\SYSTEM32\WINMM.dll
0x00007ff93c3f0000 - 0x00007ff93c3fb000 	C:\WINDOWS\SYSTEM32\VERSION.dll
0x00007ff93e330000 - 0x00007ff93e345000 	C:\WINDOWS\SYSTEM32\UMPDC.dll
0x00007ff93ca40000 - 0x00007ff93ca5b000 	C:\WINDOWS\SYSTEM32\kernel.appcore.dll
0x00007ff920440000 - 0x00007ff92044a000 	C:\Program Files\Eclipse Adoptium\jdk-21.0.12.101-hotspot\bin\jimage.dll
0x00007ff8cd010000 - 0x00007ff8cd252000 	C:\WINDOWS\SYSTEM32\DBGHELP.DLL
0x00007ff9408f0000 - 0x00007ff940c75000 	C:\WINDOWS\System32\combase.dll
0x00007ff940230000 - 0x00007ff940309000 	C:\WINDOWS\System32\OLEAUT32.dll
0x00007ff93db50000 - 0x00007ff93db8b000 	C:\WINDOWS\SYSTEM32\dbgcore.DLL
0x00007ff93ef30000 - 0x00007ff93efdc000 	C:\WINDOWS\System32\bcryptPrimitives.dll
0x00007ff917aa0000 - 0x00007ff917aaf000 	C:\Program Files\Eclipse Adoptium\jdk-21.0.12.101-hotspot\bin\instrument.dll
0x00007ff8ca790000 - 0x00007ff8ca7b0000 	C:\Program Files\Eclipse Adoptium\jdk-21.0.12.101-hotspot\bin\java.dll
0x00007ff93f1c0000 - 0x00007ff93f948000 	C:\WINDOWS\System32\SHELL32.dll
0x00007ff93adf0000 - 0x00007ff93b68b000 	C:\WINDOWS\SYSTEM32\windows.storage.dll
0x00007ff93fe10000 - 0x00007ff93ff09000 	C:\WINDOWS\System32\SHCORE.dll
0x00007ff93ff30000 - 0x00007ff93ff96000 	C:\WINDOWS\System32\shlwapi.dll
0x00007ff93e3f0000 - 0x00007ff93e419000 	C:\WINDOWS\SYSTEM32\profapi.dll
0x00007ff8c3bd0000 - 0x00007ff8c3ca7000 	C:\Program Files\Eclipse Adoptium\jdk-21.0.12.101-hotspot\bin\jsvml.dll
0x00007ff8c45e0000 - 0x00007ff8c45f8000 	C:\Program Files\Eclipse Adoptium\jdk-21.0.12.101-hotspot\bin\zip.dll
0x00007ff91f460000 - 0x00007ff91f470000 	C:\Program Files\Eclipse Adoptium\jdk-21.0.12.101-hotspot\bin\net.dll
0x00007ff935a50000 - 0x00007ff935b78000 	C:\WINDOWS\SYSTEM32\WINHTTP.dll
0x00007ff93c730000 - 0x00007ff93c79c000 	C:\WINDOWS\system32\mswsock.dll
0x00007ff8c4e40000 - 0x00007ff8c4e56000 	C:\Program Files\Eclipse Adoptium\jdk-21.0.12.101-hotspot\bin\nio.dll
0x00007ff91f110000 - 0x00007ff91f120000 	C:\Program Files\Eclipse Adoptium\jdk-21.0.12.101-hotspot\bin\verify.dll
0x00007ff8c45b0000 - 0x00007ff8c45d7000 	C:\Users\celjo\.gradle\native\1def1411415f61bf3af743bc5b6707747c0891f09f0c88961ee8f79bc544acac\windows-amd64\native-platform.dll
0x00007ff8bd860000 - 0x00007ff8bd8d7000 	C:\Users\celjo\.gradle\native\0.2.8\x86_64-windows-gnu\gradle-fileevents.dll
0x00007ff91e7a0000 - 0x00007ff91e7aa000 	C:\Program Files\Eclipse Adoptium\jdk-21.0.12.101-hotspot\bin\management.dll
0x00007ff91dba0000 - 0x00007ff91dbac000 	C:\Program Files\Eclipse Adoptium\jdk-21.0.12.101-hotspot\bin\management_ext.dll
0x00007ff940220000 - 0x00007ff940228000 	C:\WINDOWS\System32\PSAPI.DLL
0x00007ff93bb40000 - 0x00007ff93bb73000 	C:\WINDOWS\SYSTEM32\IPHLPAPI.DLL
0x00007ff940210000 - 0x00007ff94021a000 	C:\WINDOWS\System32\NSI.dll
0x00007ff91db50000 - 0x00007ff91db59000 	C:\Program Files\Eclipse Adoptium\jdk-21.0.12.101-hotspot\bin\extnet.dll
0x00007ff93dfd0000 - 0x00007ff93dfeb000 	C:\WINDOWS\SYSTEM32\CRYPTSP.dll
0x00007ff93c0f0000 - 0x00007ff93c129000 	C:\WINDOWS\system32\rsaenh.dll
0x00007ff93c800000 - 0x00007ff93c832000 	C:\WINDOWS\SYSTEM32\USERENV.dll
0x00007ff93e3c0000 - 0x00007ff93e3ea000 	C:\WINDOWS\SYSTEM32\bcrypt.dll
0x00007ff93ca60000 - 0x00007ff93ca6c000 	C:\WINDOWS\SYSTEM32\CRYPTBASE.dll
0x00007ff910840000 - 0x00007ff91084e000 	C:\Program Files\Eclipse Adoptium\jdk-21.0.12.101-hotspot\bin\sunmscapi.dll
0x00007ff93e6c0000 - 0x00007ff93e83e000 	C:\WINDOWS\System32\CRYPT32.dll
0x00007ff93d560000 - 0x00007ff93d590000 	C:\WINDOWS\SYSTEM32\ncrypt.dll
0x00007ff93d450000 - 0x00007ff93d48f000 	C:\WINDOWS\SYSTEM32\NTASN1.dll
0x00007ff93a710000 - 0x00007ff93a718000 	C:\WINDOWS\system32\wshunix.dll

JVMTI agents:
C:\Users\celjo\.gradle\wrapper\dists\gradle-9.1.0-all\7wzd0jkjit61aq2p43wpjgij9\gradle-9.1.0\lib\agents\gradle-instrumentation-agent-9.1.0.jar path:C:\Program Files\Eclipse Adoptium\jdk-21.0.12.101-hotspot\bin\instrument.dll, loaded, initialized, instrumentlib options:none

dbghelp: loaded successfully - version: 4.0.5 - missing functions: none
symbol engine: initialized successfully - sym options: 0x614 - pdb path: .;C:\Program Files\Eclipse Adoptium\jdk-21.0.12.101-hotspot\bin;C:\WINDOWS\SYSTEM32;C:\WINDOWS\WinSxS\amd64_microsoft.windows.common-controls_6595b64144ccf1df_6.0.26100.8972_none_3e0da176e32f9d4b;C:\Program Files\Eclipse Adoptium\jdk-21.0.12.101-hotspot\bin\server;C:\Users\celjo\.gradle\native\1def1411415f61bf3af743bc5b6707747c0891f09f0c88961ee8f79bc544acac\windows-amd64;C:\Users\celjo\.gradle\native\0.2.8\x86_64-windows-gnu

VM Arguments:
jvm_args: --add-opens=java.base/java.lang=ALL-UNNAMED --add-opens=java.base/java.lang.invoke=ALL-UNNAMED --add-opens=java.base/java.util=ALL-UNNAMED --add-opens=java.prefs/java.util.prefs=ALL-UNNAMED --add-exports=jdk.compiler/com.sun.tools.javac.api=ALL-UNNAMED --add-exports=jdk.compiler/com.sun.tools.javac.util=ALL-UNNAMED --add-opens=java.base/java.util=ALL-UNNAMED --add-opens=java.prefs/java.util.prefs=ALL-UNNAMED --add-opens=java.base/java.nio.charset=ALL-UNNAMED --add-opens=java.base/java.net=ALL-UNNAMED --add-opens=java.base/java.util.concurrent=ALL-UNNAMED --add-opens=java.base/java.util.concurrent.atomic=ALL-UNNAMED --add-opens=java.xml/javax.xml.namespace=ALL-UNNAMED --add-opens=java.base/java.time=ALL-UNNAMED -Xmx2048m -Dfile.encoding=UTF-8 -Duser.country=PE -Duser.language=es -Duser.variant -javaagent:C:\Users\celjo\.gradle\wrapper\dists\gradle-9.1.0-all\7wzd0jkjit61aq2p43wpjgij9\gradle-9.1.0\lib\agents\gradle-instrumentation-agent-9.1.0.jar 
java_command: org.gradle.launcher.daemon.bootstrap.GradleDaemon 9.1.0
java_class_path (initial): C:\Users\celjo\.gradle\wrapper\dists\gradle-9.1.0-all\7wzd0jkjit61aq2p43wpjgij9\gradle-9.1.0\lib\gradle-daemon-main-9.1.0.jar
Launcher Type: SUN_STANDARD

[Global flags]
     intx CICompilerCount                          = 4                                         {product} {ergonomic}
     uint ConcGCThreads                            = 2                                         {product} {ergonomic}
     uint G1ConcRefinementThreads                  = 8                                         {product} {ergonomic}
   size_t G1HeapRegionSize                         = 1048576                                   {product} {ergonomic}
    uintx GCDrainStackTargetSize                   = 64                                        {product} {ergonomic}
   size_t InitialHeapSize                          = 201326592                                 {product} {ergonomic}
   size_t MarkStackSize                            = 4194304                                   {product} {ergonomic}
   size_t MaxHeapSize                              = 2147483648                                {product} {command line}
   size_t MaxNewSize                               = 1287651328                                {product} {ergonomic}
   size_t MinHeapDeltaBytes                        = 1048576                                   {product} {ergonomic}
   size_t MinHeapSize                              = 8388608                                   {product} {ergonomic}
    uintx NonNMethodCodeHeapSize                   = 5839372                                {pd product} {ergonomic}
    uintx NonProfiledCodeHeapSize                  = 122909434                              {pd product} {ergonomic}
    uintx ProfiledCodeHeapSize                     = 122909434                              {pd product} {ergonomic}
    uintx ReservedCodeCacheSize                    = 251658240                              {pd product} {ergonomic}
     bool SegmentedCodeCache                       = true                                      {product} {ergonomic}
   size_t SoftMaxHeapSize                          = 2147483648                             {manageable} {ergonomic}
     bool UseCompressedOops                        = true                           {product lp64_product} {ergonomic}
     bool UseG1GC                                  = true                                      {product} {ergonomic}
     bool UseLargePagesIndividualAllocation        = false                                  {pd product} {ergonomic}

Logging:
Log output configuration:
 #0: stdout all=warning uptime,level,tags foldmultilines=false
 #1: stderr all=off uptime,level,tags foldmultilines=false

Release file:
IMPLEMENTOR="Eclipse Adoptium" 
IMPLEMENTOR_VERSION="Temurin-21.0.12.1+1" 
JAVA_RUNTIME_VERSION="21.0.12.1+1-LTS" 
JAVA_VERSION="21.0.12.1" 
JAVA_VERSION_DATE="2026-08-18" 
LIBC="default" 
MODULES="java.base java.compiler java.datatransfer java.xml java.prefs java.desktop java.instrument java.logging java.management java.security.sasl java.naming java.rmi java.management.rmi java.net.http java.scripting java.security.jgss java.transaction.xa java.sql java.sql.rowset java.xml.crypto java.se java.smartcardio jdk.accessibility jdk.internal.jvmstat jdk.attach jdk.charsets jdk.internal.opt jdk.zipfs jdk.compiler jdk.crypto.ec jdk.crypto.cryptoki jdk.crypto.mscapi jdk.dynalink jdk.internal.ed jdk.editpad jdk.hotspot.agent jdk.httpserver jdk.incubator.vector jdk.internal.le jdk.internal.vm.ci jdk.internal.vm.compiler jdk.internal.vm.compiler.management jdk.jartool jdk.javadoc jdk.jcmd jdk.management jdk.management.agent jdk.jconsole jdk.jdeps jdk.jdwp.agent jdk.jdi jdk.jfr jdk.jlink jdk.jpackage jdk.jshell jdk.jsobject jdk.jstatd jdk.localedata jdk.management.jfr jdk.naming.dns jdk.naming.rmi jdk.net jdk.nio.mapmode jdk.random jdk.sctp jdk.security.auth jdk.security.jgss jdk.unsupported jdk.unsupported.desktop jdk.xml.dom" 
OS_ARCH="x86_64" 
OS_NAME="Windows" 
SOURCE=".:git:1c417fbfc2f7" 
BUILD_SOURCE="git:e6ba7dec3d07654074559310376a3ae89da5f4ac"
BUILD_SOURCE_REPO="https://github.com/adoptium/temurin-build.git"
SOURCE_REPO="https://github.com/adoptium/jdk21u.git"
FULL_VERSION="21.0.12.1+1-LTS"
SEMANTIC_VERSION="21.0.12.1+1"
BUILD_INFO="OS: Windows Server 2022 Version: 10.0"
JVM_VARIANT="Hotspot"
JVM_VERSION="21.0.12.1+1-LTS"
IMAGE_TYPE="JDK"

Environment Variables:
JAVA_HOME=C:\Program Files\Eclipse Adoptium\jdk-21.0.12.101-hotspot
CLASSPATH=C:\proyectos\lol2\android\\gradle\wrapper\gradle-wrapper.jar
PATH=C:\Program Files\Eclipse Adoptium\jdk-21.0.12.101-hotspot\bin;C:\src\flutter\bin\cache\dart-sdk\bin\;C:\Program Files\Eclipse Adoptium\jdk-21.0.12.101-hotspot\bin;C:\Program Files\Eclipse Adoptium\jdk-17.0.20.101-hotspot\bin;C:\WINDOWS\system32;C:\WINDOWS;C:\WINDOWS\System32\Wbem;C:\WINDOWS\System32\WindowsPowerShell\v1.0\;C:\WINDOWS\System32\OpenSSH\;C:\src\flutter\bin;C:\Program Files\Eclipse Adoptium\jdk-17.0.12.7-hotspot\bin;C:\Program Files\Git\cmd;C:\Program Files (x86)\Windows Kits\10\Windows Performance Toolkit\;C:\Nuget;C:\Users\celjo\AppData\Local\Microsoft\WindowsApps;C:\Users\celjo\AppData\Local\Programs\Microsoft VS Code\bin;C:\src\flutter\bin;;C:\src\flutter\bin\mingit\cmd
USERNAME=celjo
LANG=es_ES.UTF-8
OS=Windows_NT
PROCESSOR_IDENTIFIER=Intel64 Family 6 Model 142 Stepping 10, GenuineIntel
TMP=C:\Users\celjo\AppData\Local\Temp
TEMP=C:\Users\celjo\AppData\Local\Temp




Periodic native trim disabled

---------------  S Y S T E M  ---------------

OS:
 Windows 11 , 64 bit Build 26100 (10.0.26100.9168)
OS uptime: 0 days 0:16 hours
Hyper-V role detected

CPU: total 8 (initial active 8) (4 cores per cpu, 2 threads per core) family 6 model 142 stepping 10 microcode 0xe0, cx8, cmov, fxsr, ht, mmx, 3dnowpref, sse, sse2, sse3, ssse3, sse4.1, sse4.2, popcnt, lzcnt, tsc, tscinvbit, avx, avx2, aes, erms, clmul, bmi1, bmi2, adx, fma, vzeroupper, clflush, clflushopt, hv, rdtscp, f16c
Processor Information for the first 8 processors :
  Max Mhz: 1800, Current Mhz: 1600, Mhz Limit: 1584

Memory: 4k page, system-wide physical 12163M (2802M free)
TotalPageFile size 24963M (AvailPageFile size 15603M)
current process WorkingSet (physical memory assigned to process): 1079M, peak: 1082M
current process commit charge ("private bytes"): 1128M, peak: 1145M

vm_info: OpenJDK 64-Bit Server VM (21.0.12.1+1-LTS) for windows-amd64 JRE (21.0.12.1+1-LTS), built on 2026-08-18T00:00:00Z by "admin" with MS VC++ 17.12 (VS2022)

END.
